index,text,score,label,volcano_label,confidence_score,predicted_sentiment,predicted_confidence_score
1,äº²çˆ±çš„ @å‰§æƒ…åè½¬ç‹99 ï¼Œä½ å‘å¸ƒçš„åšæ–‡å¾ˆå—è¶…è¯ç”¨æˆ·æ¬¢è¿ ï¼å¿«æ¥ çŸ­å‰§è¶…è¯ ä¸€èµ·ç•…èŠå§,0.995,positive,positive,0.85,positive,0.969
2,çƒå±Œï¼,0.436,neutral,negative,0.1,neutral,0.469
3,è¿™å‰§æ‚¬ç–‘æ„Ÿè¿˜æ˜¯æ‹‰æ»¡çš„ï¼ï¼ï¼,0.862,positive,positive,0.8,positive,0.776
4,åˆæ¼”äº†æ¸£ç”·ï¼Ÿ,0.514,neutral,neutral,0.5,neutral,0.505
5,å¸Œæœ›å·´è²ç‰¹é•¿å‘½ç™¾å²,0.979,positive,positive,0.9,positive,0.972
6,æ‚¨çš„homepod å’‹ä¸æ‘†å¼€ç”¨å‘¢ï¼Ÿ,0.149,negative,neutral,0.5,positive,0.792
7,ç¿»è¿‡æ—æ€»2012ä»¥æ¥çš„å¾®åšï¼Œçœ‹çš„æ´¥æ´¥æœ‰å‘³ã€‚  å¯æƒœåæ¥æ‰¾ä¸åˆ°äº†ä½ ã€‚,0.91,positive,neutral,0.45,positive,0.97
8,å·´èŠ’ç»„åˆï¼Œä¸€ä»£ä¼ å¥‡ã€‚ä»·å€¼æŠ•èµ„æ°¸èˆªçš„æ˜ç¯ï¼,1.0,positive,positive,0.95,positive,0.966
9,è‹±æ–‡åŸç¨¿èƒ½å®Œæ•´æŠ„å†™ä¸€éçš„ç¡®éª¨å­é‡Œçš„è¿½éšè€…,0.984,positive,neutral,0.5,positive,0.976
10,æˆ‘ä¹Ÿè¦æ½œå¿ƒçšˆä¾ã€‚,0.403,neutral,neutral,0.5,positive,0.963
11,çš„ç¡®æ˜¯ä¸€ä½å¯æ•¬å¯çˆ±çš„æ™ºè€…,0.879,positive,positive,0.95,positive,0.979
12,â€œè¿½éšï¼Œæ˜¯æœ€éš†é‡çš„èµç¾â€,0.984,positive,positive,0.9,positive,0.98
13,è¿½éšï¼Œæ˜¯æœ€éš†é‡çš„èµç¾,0.984,positive,positive,0.9,positive,0.981
14,å®Œå…¨çš„ä¿¡å—å¥‰è¡Œ,0.474,neutral,neutral,0.5,positive,0.86
15,è‡´æ•¬å·´è²ç‰¹ ã€‚æ›²ç»ˆäººæ•£ï¼Œäººç”Ÿç»ˆæœ‰ç¦»åˆ«ä¹‹æ—¶ï¼Œlast danceäº†ã€‚ #å·´è²ç‰¹ä»Šå¹´åº•å¸ä»»#,1.0,positive,positive,0.7,positive,0.927
16,â€œè¿½éšï¼Œæ˜¯æœ€éš†é‡çš„èµç¾â€,0.984,positive,positive,0.9,positive,0.98
17,Tè¡«çš„èƒŒé¢å›¾æ¡ˆä¸é”™,0.975,positive,positive,0.75,positive,0.957
18,ç›¸çº¦ä¸€è¾ˆå­ï¼Œå¹´é’æ—¶ä»£æ¼‚äº®ç¾ä¸½çš„å¤«äººï¼Œéƒæ‰å¥³è²Œï¼Œä¸‰è§‚æ­£å€¼å¾—æ‹¥æœ‰,1.0,positive,positive,0.98,positive,0.978
19,å†™å¾—å¤ªæ£’äº†,0.9,positive,positive,0.99,positive,0.96
20,å¯»æ‰¾è‡ªå·±é’¦ä½©çš„äººï¼Œå·´è²ç‰¹å’Œä¹è¶£æ˜¯å…¶ä¸­ä¹‹äºŒï¼Œä¸åˆ†å…ˆå,1.0,positive,positive,0.85,positive,0.98
21,è‡´æ•¬ä¹è¶£å¤§å“¥,0.935,positive,positive,0.9,positive,0.98
22,æœç”«è‰å ‚å’Œç¾ä¸€å®¶,0.943,positive,neutral,0.5,positive,0.97
23,è¿½éšï¼Œæ˜¯æœ€éš†é‡çš„èµç¾ è‡´æ•¬å·´è²ç‰¹ æ™ºæ…§ç¿æ™ºçš„è€äºº,1.0,positive,positive,0.95,positive,0.982
24,å†™çš„çœŸå¥½,0.657,positive,positive,0.92,positive,0.965
25,ä¹è¶£è€å¸ˆæ‰§è¡ŒåŠ›å¼ºï¼Œå­¦å¾—é€å½»ï¼,1.0,positive,positive,0.93,positive,0.962
26,è‡´æ•¬å·´è²ç‰¹ï¼æœè†è‰å ‚ï¼Œå¥½æ•´æ´çš„ä¹¦æ¶ã€‚,1.0,positive,positive,0.91,positive,0.977
27,è‡´æ•¬ï¼Œæœ€ä¼Ÿå¤§çš„æ™ºè€…,0.929,positive,positive,0.94,positive,0.979
28,æ—æ€»èƒŒå½±å¥½å¸…ï¼,0.764,positive,positive,0.92,positive,0.976
29,â€œè¿½éšï¼Œæ˜¯æœ€éš†é‡çš„èµç¾â€è‡´æ•¬,0.997,positive,positive,0.93,positive,0.981
30,å†™å¾—å¥½ï¼,0.653,positive,positive,0.9,positive,0.955
31,å›¾4åšä¸»çš„Tæ¤æ–‡åŒ–è¡«çš„è‹±æ–‡æ„æ€æ˜¯ï¼šæŠ•èµ„ä½ è‡ªå·± ä¼¯å…‹å¸Œå°”2024  ä¸‹è¾¹çš„ brooksåœ¨è¿™é‡Œå¤§æ¦‚æ˜¯â€œæ¶“æ¶“ç»†æµæ±‡æˆæµ·â€çš„æ„æ€ã€‚,0.991,positive,neutral,0.5,positive,0.921
32,è¿½éšï¼Œæ˜¯æœ€éš†é‡çš„è®¤å¯ï¼è®¤å¯ï¼Œå³å½“è·µè¡Œã€‚,0.997,positive,positive,0.85,positive,0.975
33,ä½ è®©æˆ‘çœ‹åˆ°äº†ä¹¦æ¶çš„å†…æ¶µï¼Œä¹Ÿçœ‹åˆ°äº†æˆåŠŸçš„åèƒŒï¼Œthank you!,0.148,negative,positive,0.88,positive,0.975
34,ä¹è¶£å¤§å“¥è¿™è§‚æ™¯æˆ¿æ— æ•Œäº†,0.962,positive,positive,0.95,positive,0.964
35,â€œè¿½éšï¼Œæ˜¯æœ€éš†é‡çš„èµç¾â€ï¼Œæ°¸è¿œçš„å¶åƒï¼Œæ°¸è¿œç¥ä¸€æ ·çš„å­˜åœ¨â€”â€”å·´è²ç‰¹ï¼,1.0,positive,positive,0.98,positive,0.981
36,è¿½éšæ˜¯æœ€éš†é‡çš„èµç¾ğŸ‘,0.982,positive,positive,0.9,positive,0.981
37,è¿½éšï¼Œæ˜¯æœ€éš†é‡çš„èµç¾,0.984,positive,positive,0.85,positive,0.981
38,è¿½éšï¼Œæ˜¯æœ€éš†é‡çš„èµç¾ï¼è¿½éšèŠ’æ ¼ã€å·´è²ç‰¹ã€å¤§é“ã€‚,1.0,positive,positive,0.92,positive,0.979
39,ä¹è¶£ç°åœ¨æ²¡äººè®²èŒ…å°äº†ï¼Œèƒ½è®²è®²ä½ ç°åœ¨å¯¹èŒ…å°çš„å¿ƒæ€å—,0.991,positive,neutral,0.5,positive,0.939
40,å¼€æ‚Ÿï¼Œä¸–ç•Œå°±ä¼šåŒ–ç¹ä¸ºç®€ï¼â€œè¿½éšï¼Œæ˜¯æœ€éš†é‡çš„èµç¾â€è‡´æ•¬ï¼,1.0,positive,positive,0.93,positive,0.977
41,æ‚Ÿ,0.692,positive,neutral,0.5,neutral,0.514
42,æˆ‘35å²çšˆä¾ä¹è¶£æŠ•èµ„æ€æƒ³ï¼Œä¸€åˆ‡ä»¥èŒ…å°ä¸ºå‡†ï¼Œä¸çŸ¥ä½•æ—¶èŒ…å°èƒ½ç»™æˆ‘ä¸€å‡»çš„æœºä¼šã€‚ç°åœ¨37å²ï¼Œæ‹¿ç€é£é¹¤ç­‰èŒ…å°,0.998,positive,neutral,0.5,positive,0.932
43,ä¹è¶£å”ä»Šå¹´å»å‚ä¼šäº†å—,0.987,positive,neutral,0.5,positive,0.914
44,éšç€ç”Ÿç‰©åŒ»å­¦çš„å‘å±•é•¿å‘½150å²ä¸æ˜¯æ¢¦,0.944,positive,positive,0.7,positive,0.944
45,çŸ¥è¡Œåˆä¸€ï¼ŒçŸ¢å¿—ä¸æ¸,0.802,positive,positive,0.85,positive,0.965
46,ä¹è¶£å¤§å“¥çš„çœŸè¯šä¹Ÿè®©æˆ‘ä»¬æ„ŸåŠ¨å’Œé¼“èˆï¼,0.99,positive,positive,0.9,positive,0.981
47,æˆ‘ä¹¦æˆ¿é‡Œæœ€æ˜¾çœ¼çš„ä½ç½®ï¼Œç›®å‰ä¾æ—§æ‘†ç€å†™ä»–çš„ä¹¦å’Œä»–å†™çš„è‡´è‚¡ä¸œä¿¡ã€‚å®ƒä»¬é™é™åœ°é»˜é»˜åœ°çŸ—ç«‹ç€ï¼Œæˆ‘ç›¸ä¿¡ä¸”æ˜ç™½ï¼Œè‡ªå·±èƒ½æœ‰ä¸€ä¸ªç‹¬ç«‹ä¸”è‡ªç”±çš„åŠä¸–äººç”Ÿï¼Œè¿™äº›ä¹¦ç±æ˜¯æ³‰æºã€‚  â€œè¿½éšï¼Œæ˜¯æœ€éš†é‡çš„èµç¾â€ï¼,1.0,positive,positive,0.95,positive,0.975
48,è¿½éš,0.875,positive,neutral,0.5,positive,0.965
49,è¿½éšå·´è²ç‰¹,0.996,positive,positive,0.75,positive,0.954
50,æˆ‘ä»Šå¹´45ï¼Œä¹Ÿååˆ†å–œæ¬¢å·´è²ç‰¹å’ŒèŠ’æ ¼,0.944,positive,positive,0.8,positive,0.969
51,è¡·å¿ƒç¥æ„¿å·´è²ç‰¹é•¿å‘½ç™¾å²ï¼ï¼ï¼,0.965,positive,positive,0.95,positive,0.905
52,å¸‚é¢ä¸Šå…³äºå·´è²ç‰¹çš„ä¹¦éƒ½è¢«ä½ æ”¶è—äº†,0.998,positive,neutral,0.5,positive,0.935
53,è¿½éšï¼Œæ˜¯æœ€éš†é‡çš„èµç¾â€,0.984,positive,positive,0.9,positive,0.977
54,ä¹è¶£è€å¸ˆæ˜¯æˆ‘ä»¬ç°å®ç‰ˆçš„æŠ•èµ„å¤§å¸ˆå’Œçµé­‚è€å¸ˆï¼Œè·Ÿéšæ‚¨çš„äººç”Ÿå¢ƒç•Œå’ŒæŠ•èµ„æ€è·¯ï¼å·´è²ç‰¹ã€æŸ¥ç†èŠ’æ ¼ä¸¤ä½è€äººæ˜¯ä¸–ç•Œä¸Šæœ€ä¼Ÿå¤§çš„æŠ•èµ„äººï¼ä»–ä»¬çš„æ€æƒ³æ°¸è¿œæ¿€åŠ±ç€äººä»¬å‰è¡Œï¼Œæ°¸è¿œè¿½éšä»–ä»¬çš„æ€æƒ³ï¼Œä»–ä»¬çš„æŠ•èµ„ç†å¿µï¼ä¼¯å…‹å¸Œå°”è‚¡ç¥¨å‡ å¤©ä»¥åå°±ä¼šæ”¶å¤å‰æœŸé«˜ç‚¹ï¼,1.0,positive,positive,0.98,positive,0.963
55,å‘å·´è²ç‰¹è‡´æ•¬ ã€‚å‘ä¹è¶£è‡´æ•¬ï¼,1.0,positive,positive,0.92,positive,0.982
56,æ¢æˆ‘æŒ£é‚£ä¹ˆå¤šï¼Œæˆ‘ä¹Ÿå»ï¼Œå°±åƒçœ‹æ¼”å”±ä¼šä¸€æ ·ï¼Œç”µè§†ä¹Ÿèƒ½çœ‹ï¼Œå°±æ˜¯è¦é‚£æ°›å›´ï¼Œé‚£å›å¿†,0.957,positive,positive,0.75,positive,0.96
57,å¿ƒå‘å¾€ä¹‹ï¼åŠ æ²¹ğŸ’ª,0.99,positive,positive,0.85,positive,0.958
58,æ»¡æ¶çš„ä¹¦è¯´æ˜äº†å¯¹å·´è²ç‰¹çš„å´‡æ‹œ,0.993,positive,positive,0.88,positive,0.974
59,å¤§ç‰›ğŸ®,0.606,positive,positive,0.8,positive,0.757
60,è€ä¹æ´åºœçœŸç¾,0.68,positive,positive,0.85,positive,0.967
61,æ„Ÿè°¢åˆ†äº«ï¼,0.896,positive,positive,0.95,positive,0.923
62,æŒ‰å·´è²ç‰¹åŸæ¥çš„æŒè‚¡ï¼Œä¸æèµ çš„è¯ï¼ˆå½“ç„¶æèµ æ˜¯å¥½çš„ï¼‰ï¼Œå·´è²ç‰¹ä»ç„¶æ˜¯é¦–å¯Œ,0.999,positive,neutral,0.5,positive,0.943
63,ä»–çš„æ„¿æœ›æ˜¯æˆä¸ºæœ€é•¿å¯¿çš„äººã€‚,0.838,positive,neutral,0.5,positive,0.965
64,"""åˆ«äººçœ¼ä¸­çš„ä½ ä¸æ˜¯ä½ ï¼Œä½ çœ¼ä¸­çš„åˆ«äººæ‰æ˜¯ä½ è‡ªå·±""",0.65,positive,neutral,0.5,positive,0.939
65,ä¹è¶£å¤§å“¥ï¼Œæˆ‘æœ‰ä¸ªå¥½å¥‡çš„é—®é¢˜ï¼Œæ‚¨ç”¨æ‰‹æœºå¸¦å£³å—ï¼Ÿ,0.88,positive,neutral,0.5,positive,0.943
66,æˆ‘ä»Šå¹´45,0.3,negative,neutral,0.5,neutral,0.505
67,ç¥è´ºæ—æ€»æˆåŠŸï¼ç¥ç¦æ—æ€»å¥½å‘½ï¼ç¥æ„¿æ—æ€»å¥åº·ï¼,1.0,positive,positive,0.98,positive,0.975
68,ä¹è¶£å°±æ˜¯ä¹è¶£ï¼Œä¸€ç›´æ— ç§çš„åœ¨åˆ†äº«ï¼Œæ€æƒ³ä¸°å¯Œï¼Œè´¢å¯Œä¸°å¯Œï¼Œå“å¾·åŒæ ·åšé‡ï¼çœŸå¿ƒçš„è¯´ä¸€å£°ï¼Œæ„Ÿè°¢ï¼,1.0,positive,positive,0.99,positive,0.978
69,invest in yourself,0.5,neutral,positive,0.85,neutral,0.497
70,Repost,0.5,neutral,neutral,0.5,neutral,0.496
71,ä¹è¶£å¤§ä½¬æŠ•èµ„å¾ˆæˆåŠŸäº†ï¼Œèº«ä½“æ–¹é¢ç»§ç»­åšæŒä½ç¢³ç”Ÿé…®åŠ è½»æ–­é£ŸåŠ è¿åŠ¨å°±OK,0.999,positive,positive,0.85,positive,0.968
72,è¿½éšæ˜¯æœ€éš†é‡çš„èµç¾,0.984,positive,positive,0.9,positive,0.982
73,å› ä¸ºåšä¸»çš„å¾®åšæˆ‘çœ‹äº†ç©¿è¿‡è¿·é›¾å’Œç©·æŸ¥ç†å®å…¸ï¼ŒçœŸçš„å—ç›ŠåŒªæµ…,1.0,positive,positive,0.88,positive,0.971
74,çœ‹å¾—å‡ºæ¥ï¼Œä¹è¶£è€å¸ˆå¯¹å¤§é“ä¹Ÿæ˜¯éš†é‡çš„èµç¾,0.999,positive,positive,0.89,positive,0.98
75,ä¹å…„ï¼Œä¹°ä¸ªå®¤å†…é«˜å°”å¤«ï¼Œä½ è¿™ä¸ªè½åœ°çª—ä¸æŒ–ä¸¤é”„å¤´ï¼Œæµªè´¹å‘€,0.745,positive,neutral,0.45,positive,0.91
76,å¥åº·é•¿ç”Ÿæœ€å¯è´µã€‚ç”Ÿæ´»å’ŒæŠ•èµ„ä¸€æ ·ï¼Œè®¤å‡†äº†é“ç†å°±æ‰§è¡Œï¼Œç®€å•çš„äº‹æƒ…é‡å¤åšã€‚è€Œä¸”å¾ˆè‡ªä¿¡ã€‚å¦‚åŒå·´è²ç‰¹ä¸€æ ·ã€‚ä»–çŸ¥é“ä»–èµ°äº†åã€‚è‚¡ç¥¨å¿…å®šå¤§è·Œã€‚,1.0,positive,neutral,0.5,positive,0.96
77,æ¯ä¸€å¼ éƒ½æ˜¯æ˜ä¿¡ç‰‡å“‡,0.342,negative,positive,0.87,positive,0.849
78,éƒ½å¥½å¥½çœ‹ï¼Œæ¯ä¸€å¼ ç…§ç‰‡éƒ½å¥½çœ‹,0.803,positive,positive,0.92,positive,0.972
79,å‚ä¸,0.75,positive,neutral,0.5,positive,0.944
80,é˜¿å…‰è€å¸ˆæ‹çš„å°±æ˜¯å¥½çœ‹ï¼Œè¿™éƒ¨æ‰‹æœºå¥½å¿ƒåŠ¨å“ˆå“ˆå“ˆ,0.994,positive,positive,0.93,positive,0.973
81,çœŸä¸é”™å•Š  ä¹Ÿæƒ³æ‹å‡ºè¿™ç§æ„Ÿè§‰,0.874,positive,positive,0.85,positive,0.959
82,æˆ‘æˆ‘æˆ‘,0.526,neutral,neutral,0.5,neutral,0.541
83,ä¸Šæ¬¡çš„å¥¶èŒ¶æ²¡æŠ½å§,0.941,positive,neutral,0.5,positive,0.878
84,å¥½å‰å®³,0.491,neutral,positive,0.9,positive,0.771
85,å¥½çœ‹,0.711,positive,positive,0.8,positive,0.971
86,å¥½çœ‹å¥½çœ‹,0.845,positive,positive,0.85,positive,0.973
87,å¤ªå‰å®³äº†vivoå¤ªå‰å®³äº†æ½œå…‰,0.049,negative,positive,0.95,negative,0.194
88,ç››å¤ #vivoåˆ›ä½œè€…è®¡åˆ’# ä¸èƒ½æ²¡æœ‰viovoå‘€ï½,0.25,negative,positive,0.8,negative,0.22
89,ä»€ä¹ˆç³»ç»Ÿå‘¢ï¼Ÿ,0.359,negative,neutral,0.5,negative,0.165
90,æ¥å’¯,0.464,neutral,neutral,0.5,neutral,0.539
91,ç¡®å®çœŸçš„æŒºä¸é”™çš„ï¼Œå’ŒğŸ“·æ‹å‡ºæ¥çš„ç…§ç‰‡å·®ä¸äº†å¤šå°‘äº†,0.951,positive,positive,0.85,positive,0.94
92,å¿…å®šæ˜¯æˆ‘,0.6,neutral,neutral,0.5,neutral,0.512
93,å¹¸è¿ä¸€å¤,0.859,positive,positive,0.75,positive,0.921
94,è€¶è€¶è€¶,0.5,neutral,positive,0.9,neutral,0.543
95,å•Šå•Š,0.75,positive,neutral,0.5,positive,0.79
96,å“‡ï¼Œæˆ‘ä¹Ÿæƒ³æ‹¥æœ‰,0.882,positive,positive,0.7,positive,0.964
97,æŠ½æˆ‘,0.303,negative,neutral,0.5,negative,0.19
98,æˆ‘éƒ½ä¸¥é‡æ€€ç–‘è¿™æ˜¯ç›¸æœºæ‹çš„äº†,0.32,negative,positive,0.8,negative,0.168
99,å‚ä¸,0.75,positive,neutral,0.5,positive,0.944
100,å‚ä¸,0.75,positive,neutral,0.5,positive,0.944
101,æ»´æ»´,0.25,negative,neutral,0.5,negative,0.212
102,æ—©,0.523,neutral,neutral,0.5,neutral,0.513
103,ç¬¬äºŒå¼ å°ç¥ä¹‹ä½œ,0.36,negative,positive,0.95,positive,0.828
104,æ¥å•¦,0.526,neutral,neutral,0.5,neutral,0.532
105,Vivoä»€ä¹ˆæ—¶å€™æ‹æ‘„é‚£ä¹ˆå¥½äº†ğŸ™‰,0.788,positive,positive,0.85,positive,0.886
106,æ¥äº†æ¥äº†,0.833,positive,neutral,0.5,neutral,0.507
107,å¥½ç±³,0.635,positive,positive,0.8,positive,0.868
108,å¤ªæ¼‚äº®äº†ï¼Œè¿™æ¬¡çš„ç”»è´¨å¥½å¼º,0.905,positive,positive,0.9,positive,0.967
109,#ç”¨ç…§ç‰‡è®°å½•ç”Ÿæ´»#,0.368,negative,neutral,0.5,negative,0.21
110,#åˆ†äº«ç…§ç‰‡#,0.226,negative,neutral,0.5,negative,0.221
111,å¥½å¥½çœ‹ ç¬¬ä¸€çœ¼ä»¥ä¸ºæ˜¯ç›¸æœºæ‹çš„,0.665,positive,positive,0.9,positive,0.95
112,æ¥å’¯,0.464,neutral,neutral,0.5,neutral,0.539
113,ç”Ÿæ´»ä¸­çš„å„è‰²å…‰æ™¯å°½æ”¶çœ¼åº•,0.995,positive,neutral,0.5,positive,0.964
114,æœ€å¼ºå¹¿è§’,0.647,positive,positive,0.75,positive,0.945
115,å“‡å•¦å•¦å•¦,0.526,neutral,positive,0.85,neutral,0.487
116,çœŸä¸é”™ï¼Œçœ‹ç€è¶…èµçš„,0.956,positive,positive,0.95,positive,0.974
117,æªæˆ‘æªæˆ‘,0.89,positive,neutral,0.5,positive,0.843
118,å¤ªç¾äº†å§,0.74,positive,positive,0.92,positive,0.947
119,çœ‹å¥½ç¬¬14å¼ ,0.156,negative,neutral,0.5,positive,0.791
120,å¥½çœ‹å•Š,0.711,positive,positive,0.88,positive,0.964
121,çœŸçš„è¶…å–œæ¬¢ä½ æ‹çš„ç…§ç‰‡,0.629,positive,positive,0.95,positive,0.967
122,é˜¿å…‰ï¼Œæ–°æ‰‹å­¦ç”Ÿå…šé€‚åˆä»€ä¹ˆç›¸æœºå•Š,0.834,positive,neutral,0.5,positive,0.905
123,æ‹çš„å¥½å¥½,0.521,neutral,positive,0.92,positive,0.781
124,æ¥å’¯,0.464,neutral,neutral,0.5,neutral,0.539
125,è®°å½•,0.658,positive,neutral,0.5,positive,0.796
126,å¤ªç¾å™œï½,0.345,negative,positive,0.97,positive,0.942
127,é€‰æˆ‘é€‰æˆ‘,0.749,positive,positive,0.8,positive,0.898
128,å˜¿å˜¿å¸Œæœ›èƒ½è®°å½•ç”Ÿæ´»ï¼,0.942,positive,positive,0.85,positive,0.964
129,ç¬¬ä¸ƒå¼ ç®€ç›´ç»äº†ç»äº†ç»äº†,0.028,negative,positive,0.99,negative,0.174
130,ä»¥å®é™…è¡ŒåŠ¨æ”¯æŒ,0.627,positive,positive,0.89,positive,0.96
131,æ˜¯æˆ‘,0.526,neutral,neutral,0.5,neutral,0.541
132,äº”æœˆçš„å¤© åˆšè¯ç”Ÿçš„å¤å¤©ï½æŠ½æˆ‘è®°å½•ç››å¤,0.954,positive,neutral,0.5,positive,0.949
133,æ”¹å¤©è¯•è¯•vivoX200 Ultraæ¼”å”±ä¼šæ¨¡å¼,0.772,positive,neutral,0.5,positive,0.94
134,è¿™éƒ¨æ‰‹æœºå¥½é€‚åˆæ¼”å”±ä¼šå•Šå•Šå•Šå•Šå•Šï¼Œæˆ‘çœŸçš„å¥½éœ€è¦ï¼Œ7.12è¦å»æ­å·,0.989,positive,positive,0.85,positive,0.927
135,å…³æ³¨å¾ˆä¹…çš„ä¸€ä¸ªåšä¸»å•¦ï¼Œå¾®ä¿¡ä¹Ÿæ˜¯åŠ äº†å¾ˆä¹…ï¼Œæ‹ç…§æ æ æ»´ï¼å‡ºçš„ä¹¦ä¹Ÿæ æ æ»´ï¼å®è—ä¸»åŒ…ï¼,0.997,positive,positive,0.95,positive,0.955
136,å¤ªå¥½çœ‹äº†å‘œå‘œğŸ¥¹,0.509,neutral,positive,0.9,positive,0.949
137,ä¸€ç›´æƒ³è¦ä¸€å°èƒ¶ç‰‡ç›¸æœºï¼Œæ½œå…‰æææˆ‘,0.977,positive,neutral,0.5,positive,0.93
138,æ¥å•¦æ¥å•¦ä»ç»¿æ³¡æ³¡è¿‡æ¥å•¦å…³æ³¨å¥½ä¹…å•¦ æœ¬äººç§ä¸‹ä¹Ÿå¾ˆå–œæ¬¢æ‹ç…§ğŸ˜è¿‡æ¥å‚åŠ æŠ½å¥–æ´»åŠ¨ğŸ¥ºğŸ†’,0.932,positive,positive,0.7,positive,0.945
139,æ¥å™œæ¥å™œ å‚åŠ æŠ½å¥–å‘,0.742,positive,neutral,0.5,positive,0.903
140,å­¦ç”Ÿå…šå°±å·®ä¸€å°èƒ¶ç‰‡æœºå‘¢// @æ½œå…‰i :å…³æ³¨æˆ‘ï¼Œè½¬â•è¯„èµ ã€åŸåšã€‘ å¾®åšæ­£æ–‡ ï¼Œ5/23æŠ½ 2å°èƒ¶ç‰‡ç›¸æœºï¼Œæ‹¿å»è®°å½•ç››å¤å§^_^ğŸ“·,0.94,positive,neutral,0.5,positive,0.94
141,æ‹çš„å¥½å¥½,0.521,neutral,positive,0.8,positive,0.781
142,æ‹çš„å¥½æ£’å‘€ å–œæ¬¢11å¼ ,0.66,positive,positive,0.85,positive,0.962
143,æƒ³è¦,0.544,neutral,neutral,0.5,neutral,0.524
144,æƒ³è¦,0.544,neutral,neutral,0.5,neutral,0.524
145,ä¸é”™,0.861,positive,positive,0.7,positive,0.922
146,æ„Ÿè§‰è¿™æ‰‹æœºå¾ˆå¥½ï¼ŒèƒŒåçš„äººæ›´æ˜¯èµ‹äºˆä»–æ›´å¤šçš„ç”Ÿå‘½,0.999,positive,positive,0.85,positive,0.974
147,å¤ªä¼šæ‹å•¦ï¼,0.452,neutral,positive,0.9,positive,0.878
148,ä½ å¥½æ½œå…‰,0.505,neutral,neutral,0.5,neutral,0.505
149,å“è¯¥è¯´ä¸è¯´vivoæ‹äººåƒçœŸçš„æŒºä¸é”™çš„,0.74,positive,positive,0.75,positive,0.959
150,æ¥å•¦ï½,0.553,neutral,neutral,0.5,neutral,0.507
151,å•Šå•Šå•Šå•Šå•Šèƒ¶ç‰‡ç›¸æœºå‘€,0.963,positive,positive,0.75,positive,0.847
152,å•Šå•Šå•Šå•Šæ‹œæ‰˜æ‹œæ‰˜ï¼,0.774,positive,neutral,0.5,positive,0.892
153,å˜»å˜»å˜»,0.944,positive,positive,0.85,positive,0.888
154,äº†è§£ä¸€ä¸‹,0.526,neutral,neutral,0.5,neutral,0.512
155,å¤ªæœ‰æ°›å›´æ„Ÿäº†,0.731,positive,positive,0.8,positive,0.958
156,12å¥½çœ‹,0.521,neutral,positive,0.75,positive,0.949
157,å›¾1å¥½ç¾,0.869,positive,positive,0.85,positive,0.96
158,å¤ªç¾äº†,0.74,positive,positive,0.9,positive,0.95
159,æŠ½æˆ‘,0.303,negative,neutral,0.5,negative,0.19
160,æˆ‘åˆæ¥äº†,0.526,neutral,neutral,0.5,neutral,0.517
161,å¥–å“åç§°ï¼šèƒ¶ç‰‡ç›¸æœº*2äººï¼›æŠ½å¥–æ—¶é—´ï¼š2025-05-23 23:30:00ï¼›æŠ½å¥–è§„åˆ™ï¼š æŠ½å¥–è¯¦æƒ…,0.967,positive,neutral,0.5,positive,0.871
162,æ‹çš„ä¸é”™,0.837,positive,positive,0.7,positive,0.905
163,åŠå¹´åè¿˜èƒ½æœ‰è¿™æˆåƒç´ è´¨éƒ½æ˜¯ä¸ªé—®é¢˜,0.074,negative,negative,0.25,positive,0.853
164,å¤ªç¾,0.74,positive,positive,0.95,positive,0.944
165,æ‹çš„çœŸå¥½,0.615,positive,positive,0.85,positive,0.933
166,ç½šçš„çœŸçš„å¤ªè¿‡äº†,0.527,neutral,negative,0.2,neutral,0.51
167,ä¸ºä¼—äººæŠ±è–ªè€…ï¼Œä¸å¯ä½¿å…¶å†»æ¯™äºé£é›ª,0.586,neutral,positive,0.8,positive,0.873
168,åšå‡ºè¿™äº›åˆ¤å†³çš„äººå·²ç»å¾ˆæ˜æ˜¾å’Œä»€ä¹ˆäººæ˜¯åŒä¸€ç±»äº†å§,0.849,positive,negative,0.22,positive,0.838
169,å¿ƒé‡Œå°±æ˜¯å¾ˆæ›¿å¥¹ä»¬éš¾è¿‡ã€‚ã€‚ å¤§å®¶åŸæœ¬è‡ªç”±çš„åˆ›ä½œï¼Œå°±è¿™æ ·å…¨éƒ¨è¢«ç¦é”¢äº† ä¸€åˆ‡æƒ…æ„Ÿä¸Šçš„æŠ’å‘éš¾é“ä¸€æ¶‰åŠåˆ°åºŠä¸Šå°±å…¨éƒ¨æ‚šç„¶åœ°ä¸­æ–­å—ï¼Œæ–‡å­—å†ä¹Ÿæ— æ³•è‡ªç”±åœ°æµæ·Œ,1.0,positive,negative,0.15,positive,0.97
170,å¤§å®¶éƒ½åœ¨äº’ç›¸æ‰¶æŒå¸®åŠ©å‘å£°çœŸçš„å¥½æƒ³å“­,0.965,positive,positive,0.9,positive,0.97
171,äººäººè‡ªå±ã€‚ã€‚,0.81,positive,negative,0.1,positive,0.782
172,å¸Œæœ›å…­æœˆå¤§å®¶ä¸€åˆ‡å®‰å¥½ï¼ï¼å¸Œæœ›é‚£äº›åŠªåŠ›ç”Ÿæ´»çš„äººè¿æ¥è‡ªå·±çš„æ›™å…‰ï¼,0.935,positive,positive,0.92,positive,0.958
173,çœ‹å¾—å¥½éš¾è¿‡,0.644,positive,negative,0.15,positive,0.957
174,çœ‹å“­äº†,0.754,positive,negative,0.1,positive,0.921
175,å¸Œæœ›åŠªåŠ›ç”Ÿæ´»çš„äººä¸ç”¨å†é¢å¯¹æ·±æ¸Š #åŠªåŠ›å·¥ä½œ#,0.951,positive,positive,0.75,positive,0.882
176,å¤§å¤§æˆ‘ä»¬æ°¸è¿œè¿½éšä½ ,0.933,positive,positive,0.95,positive,0.975
177,æ‰åˆ·åˆ°è¿™å¼ å›¾â€¦â€¦,0.523,neutral,neutral,0.5,neutral,0.487
178,æ„Ÿè§‰è¿™ä»¶äº‹å¥½å¤šäººçŸ¥é“å¹¶ä¸”å‘å£°ï¼Œä½†å°±æ˜¯æ²¡åœ¨çƒ­æœæ¦œçœ‹åˆ°è¿‡ï¼Œä½ è¯´æ€ªä¸æ€ª,0.073,negative,neutral,0.45,positive,0.805
179,å“å‘€,0.526,neutral,neutral,0.5,neutral,0.536
180,æœ€è¿‘å¤ªå¤šäº‹éƒ½çœ‹å¾—è®©äººéš¾è¿‡ åˆ›ä½œè¢«æ–½ä»¥åˆ‘ç½š è¯¥è¢«ä¸¥æƒ©çš„äººå´é€é¥æ³•å¤–ï¼ŒåŸæ¥ä¸å…¬æ˜¯çœŸä¸å…¬å•Š,0.985,positive,negative,0.05,positive,0.936
181,çœ‹ç€çœ‹ç€å°±å“­äº†ï¼ŒçœŸçš„ç°åœ¨æ–‡å­—åˆ›ä½œç¯å¢ƒå¤ªéš¾äº†ã€‚å¸Œæœ›ç»ˆæœ‰ä¸€æ—¥å¤§å®¶éƒ½å¯ä»¥äºç¬”ç«¯æŠ’å…¶æ‰€æƒ³ç•…æ‰€æ¬²è¨€,0.995,positive,negative,0.25,positive,0.979
182,è¿œæ´‹æ•æ ï¼Œè¿è§„å®¡é—®ï¼Œè¿™æ˜¯è¿æ³•çš„ï¼ä¸åº”è¯¥è¿™æ ·å¯¹æ‹¥æœ‰åˆ›é€ åŠ›çš„å¤ªå¤ªä»¬,0.107,negative,negative,0.15,positive,0.861
183,æˆ‘çœŸçš„å—ä¸äº†äº†,0.548,neutral,negative,0.08,neutral,0.492
184,ç¬¬ä¸€æ¬¡åˆ·åˆ°çš„æ—¶å€™ï¼Œä¸æ‡‚è¿™ä¸ªæ¼«ç”»æ·±å±‚æ¬¡çš„æ„æ€æ˜¯ä»€ä¹ˆã€‚å½“æˆ‘äº†è§£èƒŒæ™¯æ•…äº‹çš„æ—¶å€™ï¼ŒåŸæ¥æˆ‘çˆ±çš„æ¼«ç”»å®¶åœ¨ä¸ºè¿™ä»¶äº‹æƒ…å‘å£°å•Š,0.968,positive,positive,0.82,positive,0.956
185,çœ‹åˆ°è¿™ä¸ªï¼ŒçœŸçš„å¾ˆæƒ³å“­ï¼ï¼,0.729,positive,negative,0.12,positive,0.951
186,è’è¯æ–‡å­¦å˜æˆç°å®,0.901,positive,neutral,0.5,positive,0.96
187,å“­äº†,0.705,positive,negative,0.1,positive,0.857
188,æ”¯æŒ,0.627,positive,positive,0.9,positive,0.945
189,éº»å°¾ä¹Ÿæ˜¯ç‰¹åˆ«ç‰¹åˆ«å¥½çš„å¥³å­©å­!!!,0.694,positive,positive,0.97,positive,0.964
190,æ•¬åˆ›ä½œï¼Œæ•¬è‡ªç”±ã€‚,0.998,positive,positive,0.93,positive,0.979
191,ç¬¬ä¸€åƒæ¡è¯„è®ºï¼Œæ„Ÿæ…¨ä¸‡åƒ,0.839,positive,neutral,0.5,positive,0.951
192,æ”¯æŒâ¬†ï¸,0.602,positive,positive,0.8,positive,0.932
193,æƒ³å“­äº†,0.72,positive,negative,0.2,positive,0.93
194,è€å¸ˆæˆ‘çœŸçš„è¦çˆ±ä½ ä¸€è¾ˆå­äº†,0.985,positive,positive,0.95,positive,0.957
195,æ”¯æŒï¼Œæˆ‘ä»¬è¯»è€…ä¹Ÿå¸Œæœ›è€å¸ˆä»¬éƒ½èƒ½å¤Ÿå¥½å¥½çš„ï¼Œæ˜¯çœŸå¿ƒå–œæ¬¢è¿™äº›ä½œå“,0.997,positive,positive,0.9,positive,0.981
196,å‘œå‘œå‘œï¼Œä¸€ä¸‹å°±çœ‹æ‡‚äº†ï¼Œå¥½éš¾è¿‡,0.641,positive,negative,0.15,positive,0.938
197,â€¦â€¦è°æ‡‚å•Šï¼Œå¿äº†å¥½å‡ å¤©çœ‹åˆ°è¿™ä¸ªæ¼«ç”»ç®—æ˜¯å½»åº•å“­å´©äº†,0.406,neutral,negative,0.1,positive,0.834
198,æˆ‘å»,0.513,neutral,neutral,0.5,neutral,0.537
199,æ„¿çœŸå¿ƒåˆ›ä½œåŠªåŠ›ç”Ÿæ´»çš„äººä¸ç”¨å†é¢å¯¹æ·±æ¸Š,0.999,positive,positive,0.85,positive,0.979
200,æˆ‘ä»¬éº»å°¾è€å¸ˆè¿˜æ˜¯å¤ªç‰›äº† ä¸Šæ¬¡å¦‡å¥³èŠ‚å°±ç»™æˆ‘ç•™ä¸‹äº†æ·±åˆ»çš„å°è±¡ çœŸçš„è¦å“­äº†,0.983,positive,positive,0.92,positive,0.972
201,å¥½éš¾è¿‡ éƒ½æ˜¯ä¸€ç¾¤åŠªåŠ›æ´»ç€å°å¥³å­©ä»¬å•Š // @éº»å°¾ :å¿ƒé‡Œå µå¾—æ…Œï¼Œå¸Œæœ›æ£ç€çœŸå¿ƒåŠªåŠ›ç”Ÿæ´»çš„äººå†ä¹Ÿä¸è¦é¢å¯¹æ·±æ¸Šï¼,1.0,positive,negative,0.1,positive,0.977
202,ä¸€å¼€å§‹è§‰å¾—è¿™ä¸ªè§£å†³å¥½å¹¸ç¦ï¼Œåæ¥çœ‹æ‡‚åçœŸçš„è¦æ³ªç›®äº†,0.729,positive,positive,0.65,positive,0.967
203,å”‰ï¼Œ,0.526,neutral,negative,0.15,neutral,0.523
204,çœŸçš„ä¸ç†è§£ï¼Œæ˜æ˜åªæ˜¯æ–‡å­¦åˆ›ä½œ çœŸçš„è‡³äºè¿™äº›ç½ªåå— çœ‹ç€å¥¹ä»¬å¥½å¿ƒç—›å•Š,0.921,positive,negative,0.08,positive,0.975
205,çœŸçš„å¾ˆç—›å¿ƒ,0.84,positive,negative,0.05,positive,0.956
206,å®¶æš´çš„ï¼Œä»£å­•çš„ï¼Œä»¥åŠä¹‹å‰é‚£ä¸ªèµˆç¾æ¬¾çš„éƒ½ä¸ç®¡ï¼Œç®¡ä¸€ä¸ªå†™æ–‡çš„,0.71,positive,negative,0.12,positive,0.899
207,çœ‹çš„å¾ˆéš¾å— ä¸ºä»€ä¹ˆè¿™ä¸ªä¸–ç•Œå˜æˆäº†è¿™æ ·,0.908,positive,negative,0.09,positive,0.961
208,åˆ›ä½œè‡ªç”±,0.986,positive,neutral,0.5,positive,0.971
209,è¯¥è¿›å»çš„åº”è¯¥æ˜¯é‚£äº›çœŸæ­£çŠ¯é”™çš„äºº,0.483,neutral,negative,0.15,neutral,0.488
210,å’¦ï¼Œæˆ‘ä»¥ä¸ºæ˜¯æˆ‘ä»¬çœæŒ–ç©ºè‡ªå·±ç»™åˆ«äººçš„æ•…äº‹å“ˆå“ˆï¼Œä¸è¿‡å…³äºåˆ›ä½œè€…çš„æ•…äº‹ä¹Ÿå¾ˆæ„ŸåŠ¨,0.996,positive,positive,0.75,positive,0.971
211,å“¦ä¸ çœ¼æ³ªå·®ç‚¹å‡ºæ¥äº†,0.544,neutral,negative,0.1,neutral,0.508
212,çœ‹åˆ°ä½ è¯´çš„è¿™å¥è¯è«åçš„æƒ³å“­,0.507,neutral,negative,0.05,positive,0.954
213,æ„¿æœ‰æœä¸€æ—¥ï¼Œä¸å¿…ä¸´æ·±æ¸Šï¼Œä¸å¿…å±¥è–„å†°,0.812,positive,positive,0.6,positive,0.901
214,@Chaeyoug_moka ï¼šåœ¨æˆ‘çœ‹æ–‡çš„è¿‡ç¨‹ä¸­ï¼Œ0ä¸ªå¥³ç”Ÿè¢«é”é“é“¾å½“æˆæ³„æ¬²å·¥å…·ï¼Œ0ä¸ªå¥³ç”Ÿè¢«æ‹å–è¿›æ·±å±±è€æ—ï¼Œ0ä¸ªå¥³ç”Ÿè¢«æš´åŠ›æ®´æ‰“ï¼Œ0ä¸ªå¥³ç”Ÿè¢«æ€§ä¾µï¼Œ0ä¸ªå¥³ç”Ÿè¢«å‡ºå–å­å®«ä»£å­•ï¼Œ0ä¸ªæœªæˆå¹´äººå—åˆ°è´Ÿé¢å½±å“ï¼Œ0ä¸ªç½‘ç»œç”¨æˆ·è¢«ç›¸å…³å¼¹çª—æ‰“æ‰°ï¼æˆ‘æ˜¯ä¸­å›½å…¬æ°‘ï¼Œæˆ‘åå¯¹å¯¹ç½‘æ–‡ä½œè€…ä¸åˆç†çš„é‡åˆ‘ï¼,0.993,positive,negative,0.25,positive,0.924
215,éº»å°¾ å¸Œæœ›å¤§å®¶éƒ½é¡ºåˆ©å‘œå‘œå‘œï¼ŒçœŸçš„çœ‹çš„éƒ½è¦è¢«æ°”çš„æ™•è¿‡å»äº†,0.784,positive,negative,0.15,positive,0.963
216,æ³¨æ„å®‰å…¨å“¦ï¼Œå¤§å¤§,0.526,neutral,positive,0.8,positive,0.89
217,æœ¬è¯¥æ˜¯éƒ½æ‹¥æœ‰ç¾å¥½çš„æ˜å¤©çš„ï¼Œå¦‚ä»Šç¡®å®è¿™æ ·ï¼Œå¸Œæœ›å¤§å®¶éƒ½å¹³å¹³å®‰å®‰,0.963,positive,neutral,0.45,positive,0.969
218,å›å¤ @æ­¥æ²ˆ2024 :å®‰è¯¦ è®¡åˆ’ é£é›¨å,0.992,positive,neutral,0.5,positive,0.967
219,å›å¤ @æ­¥æ²ˆ2024 : å¥‹æ–— å¿«ä¹ å¿§ä¼¤çš„çœ¼æ³ª,1.0,positive,neutral,0.5,positive,0.979
220,å›å¤ @æ­¥æ²ˆ2024 :,0.951,positive,neutral,0.5,positive,0.961
221,å›å¤ @æ­¥æ²ˆ2024 :,0.951,positive,neutral,0.5,positive,0.961
222,å›å¤ @æ­¥æ²ˆ2024 : è´Ÿè´£ ç›®æ ‡ å¹¸ç¦çš„æ—¶åˆ»,0.999,positive,positive,0.75,positive,0.977
223,å›å¤ @æ­¥æ²ˆ2024 :çº¯çœŸ å‹‡æ°” çæƒœ,0.999,positive,positive,0.8,positive,0.981
224,å›å¤ @æ­¥æ²ˆ2024 :,0.951,positive,neutral,0.5,positive,0.961
225,æ„¿ï¼šçœŸå¿ƒåˆ›ä½œã€åŠªåŠ›ç”Ÿæ´»çš„äººï¼Œä¸ç”¨å†é¢å¯¹æ·±æ¸Š,0.999,positive,positive,0.65,positive,0.977
226,æ³ªæµæ»¡é¢,0.643,positive,negative,0.2,positive,0.969
227,å¤§å®¶ä¹Ÿè¦ä¿æŠ¤å¥½è‡ªå·±,0.733,positive,positive,0.62,positive,0.964
228,æˆ‘çœŸå“­äº†,0.708,positive,negative,0.15,positive,0.888
229,å¥½å¿ƒç—›ï¼Œè¿™ä¸ªä¸–ç•Œå·²ç»ç™«çš„ä¸è®¤è¯†äº†,0.981,positive,negative,0.05,positive,0.956
230,å¥½å¿ƒç—›,0.622,positive,negative,0.1,positive,0.962
231,å°å¥³å­©ä»¬,0.752,positive,neutral,0.5,positive,0.935
232,ä¸ºçˆ±å‘ç”µï¼Œä¹Ÿæœ‰é”™å—,0.904,positive,neutral,0.5,positive,0.94
233,#å¹¿è¥¿å¤©æ°”#,0.107,negative,neutral,0.5,negative,0.257
234,@å°ç‹ç‹¸æƒ³å¬äº”äº¿ä¸ªå°é“ƒé“›,0.985,positive,neutral,0.5,positive,0.97
235,@å°ç‹ç‹¸æƒ³å¬äº”äº¿ä¸ªå°é“ƒé“›,0.985,positive,neutral,0.5,positive,0.97
236,éº»å°¾åˆæ˜¯ä½  æˆ‘çœŸçš„å“­äº†å•Š æ¯æ¬¡å‘å£°éƒ½æ˜¯ä½  æˆ‘çˆ±ä½ è€å¸ˆ,0.989,positive,positive,0.9,positive,0.972
237,@æ±ªç‰™åœ†åœ† @Sunrisepuppy å‘œå‘œ,0.962,positive,negative,0.2,positive,0.95
238,å“‡,0.526,neutral,positive,0.7,neutral,0.541
239,æ”¯æŒåŸåˆ›,0.602,positive,positive,0.8,positive,0.972
240,å¥½æƒ³å“­ æˆ‘å¥½æ„ŸåŠ¨,0.981,positive,positive,0.9,positive,0.97
241,æ„¿çœŸå¿ƒåˆ›ä½œåŠªåŠ›ç”Ÿæ´»çš„äººä¸ç”¨å†é¢å¯¹æ·±æ¸Šã€‚,0.999,positive,positive,0.82,positive,0.98
242,// @éº»å°¾ :å¿ƒé‡Œå µå¾—æ…Œï¼Œå¸Œæœ›æ£ç€çœŸå¿ƒåŠªåŠ›ç”Ÿæ´»çš„äººå†ä¹Ÿä¸è¦é¢å¯¹æ·±æ¸Šï¼,0.998,positive,positive,0.75,positive,0.972
243,11,0.275,negative,neutral,0.5,negative,0.257
244,å¥½ç¾,0.912,positive,positive,0.94,positive,0.974
245,è½¬å‘å¾®åš,0.644,positive,neutral,0.5,positive,0.962
246,æ·±å­¦ç¬ƒè¡Œã€‚,0.879,positive,neutral,0.5,positive,0.959
247,æˆ‘çˆ±ä½ éº»å°¾è€å¸ˆ,0.946,positive,positive,0.97,positive,0.967
248,è¿™ä¸ªä¸–ç•Œæ€ä¹ˆäº†â€¦â€¦å”‰,0.942,positive,negative,0.12,positive,0.829
249,ä¸ç©ºè…¹åšè¡Œä¸è¡Œï¼Œåªæœ‰æ™šä¸Šæœ‰ç©ºï¼Œ,0.059,negative,neutral,0.5,positive,0.801
250,å¸Œæœ›åˆ›ä½œè€…ä»¬èƒ½å¤Ÿæ”¾å¿ƒåˆ›ä½œï¼Œæˆ‘ä»¬ä½œä¸ºåç›¾åŠ›é‡ä¼šä¿æŠ¤ä½ ä»¬çš„ã€‚,0.999,positive,positive,0.88,positive,0.978
251,è¿™ä¸ªåšå®Œå±è‚¡èƒ¯èƒ¯éª¨é…¸ç—›,0.797,positive,negative,0.1,positive,0.927
252,ç”·çš„ä¹Ÿå¾—ç»ƒ,0.54,neutral,neutral,0.5,positive,0.817
253,è°¢è°¢åˆ†äº«,0.85,positive,positive,0.85,positive,0.916
254,@çº¢æ˜Ÿé—ªé—ªå°çŒªçŒª888,0.984,positive,neutral,0.5,positive,0.954
255,è½¬å‘,0.5,neutral,neutral,0.5,positive,0.882
256,æˆ‘å±äºæ”¶è—æ´¾ï¼Œæ¯æ¬¡çœ‹è§å°±æƒ³ç€å…ˆæ”¶è—ï¼Œæ˜å¤©åš,0.922,positive,neutral,0.5,positive,0.967
257,ã€‚,0.526,neutral,neutral,0.5,neutral,0.524
258,å—¯,0.526,neutral,neutral,0.5,neutral,0.53
259,æ€ä¹ˆéæ³•å®‰è£…æ‘„åƒå¤´çš„å°±æˆäº†æ‰¾ä¸åˆ°äººå‘¢ï¼Œç½‘ä¸Šé‚£ä¹ˆå¤šç‰‡å­è¿˜æœ‰æœªæˆå¹´çš„ï¼Œæˆ‘ä¸ä¿¡ä»–ä»¬çœ‹ä¸åˆ° è¦ç½šä¹Ÿæ˜¯ä»–ä»¬å¼•å¯¼çŠ¯ç½ªæ¥çš„å¼º,0.539,neutral,negative,0.05,positive,0.787
260,å¥½å–œæ¬¢éº»å°¾å¤§å¤§ä¹ˆä¹ˆä¹ˆäº”å°åªè¶…è¶…è¶…å¯çˆ±ï¼ï¼ï¼ï¼ï¼,0.687,positive,positive,0.98,positive,0.902
261,è†ç›–å—ä¸äº† ï¼,0.436,neutral,negative,0.1,positive,0.847
262,æœ‰æ°§è¿åŠ¨æ­é…ç€å–èŒ¶æé«˜ä»£è°¢ï¼Œä½“é‡å·²ç»ä»130-96ï¼Œç”¨äº†ä¸‰ä¸ªæœˆï¼ç›®å‰æ­£ç»´æŒä½“é‡,0.037,negative,positive,0.85,positive,0.916
263,æ¼‚äº®,0.9,positive,positive,0.95,positive,0.967
264,ä¸æ€ä¹ˆçˆ±è¿åŠ¨ï¼Œç”Ÿæ´»åŒ–é¥®é£Ÿæ¯å¤©å¤šå–èŒ¶ï¼Œä»132-95ï¼Œè…°å›´ç»†äº†16cm,0.986,positive,positive,0.8,positive,0.955
265,ã€‚ã€‚ã€‚,0.484,neutral,neutral,0.5,neutral,0.537
266,åšæŒ,0.526,neutral,neutral,0.5,positive,0.852
267,è¿åŠ¨èµ·æ¥,0.5,neutral,neutral,0.5,positive,0.9
268,ç™½é¹¿çš„é¢œè‰²æˆçœŸçš„å¥½ç»†ï¼Œå¤ªå–œæ¬¢äº†,0.919,positive,positive,0.88,positive,0.97
269,è¿™æ®µæˆ‘è§‰å¾—çœŸçš„ç»ç¾å•Š,0.949,positive,positive,0.92,positive,0.976
270,å•Š,0.526,neutral,neutral,0.5,neutral,0.529
271,æ¼”æŠ€å¤ªå¥½äº†ï¼Œçœ‹å¾—å¾ˆå¿ƒç–¼ã€‚,0.868,positive,positive,0.85,positive,0.974
272,ç™½é¹¿,0.5,neutral,neutral,0.5,neutral,0.576
273,ç ´ç¢æ„Ÿ,0.828,positive,neutral,0.5,positive,0.96
274,ç ´ç¢æ„Ÿ,0.828,positive,neutral,0.5,positive,0.96
275,æ¼”æŠ€ç»†è…»ï¼Œæƒ…æ„ŸçœŸæŒšï¼Œæ¯ä¸€ä¸ªçœ¼ç¥éƒ½æ˜¯æ•…äº‹ï¼Œä»¤äººåŠ¨å®¹ã€‚,1.0,positive,positive,0.92,positive,0.979
276,ç™½é¹¿å¥½ç¾å•Šï¼Œä¸å¤Ÿçœ‹,0.923,positive,positive,0.88,positive,0.955
277,å¤ªç¾äº†å‘œå‘œå‘œå‘œå‘œ,0.74,positive,positive,0.9,positive,0.964
278,ç ´ç¢æ„Ÿ,0.828,positive,neutral,0.5,positive,0.96
279,è¶…ç¾çš„ç ´ç¢æ„Ÿ,0.928,positive,positive,0.75,positive,0.972
280,å®å®,0.743,positive,neutral,0.5,positive,0.922
281,å¥½æˆ³ çœŸçš„å“­äº†,0.686,positive,positive,0.85,positive,0.962
282,ç™½é¹¿å¥½ç¾,0.903,positive,positive,0.95,positive,0.954
283,ç™½é¹¿,0.5,neutral,neutral,0.5,neutral,0.576
284,å®å®,0.743,positive,neutral,0.5,positive,0.922
285,å¥½å¼ºçš„ä»£å…¥æ„Ÿ,0.869,positive,positive,0.75,positive,0.974
286,ç™½é¹¿,0.5,neutral,neutral,0.5,neutral,0.576
287,ç™½é¹¿,0.5,neutral,neutral,0.5,neutral,0.576
288,ç”·å£«è¿™æ ·ä¹Ÿå¯å—ï¼Ÿ,0.65,positive,neutral,0.5,positive,0.92
289,é¹¿é¹¿,0.474,neutral,neutral,0.5,neutral,0.557
290,é¹¿é¹¿,0.474,neutral,neutral,0.5,neutral,0.557
291,å¥½ç¾,0.912,positive,positive,0.95,positive,0.974
292,ç™½é¹¿,0.5,neutral,neutral,0.5,neutral,0.576
293,ç™½é¹¿,0.5,neutral,neutral,0.5,neutral,0.576
294,ç™½é¹¿,0.5,neutral,neutral,0.5,neutral,0.576
295,ç™½é¹¿,0.5,neutral,neutral,0.5,neutral,0.576
296,ä»£å…¥æ„Ÿåè¶³,0.889,positive,positive,0.85,positive,0.973
297,ç™½é¹¿,0.5,neutral,neutral,0.5,neutral,0.576
298,ç™½é¹¿,0.5,neutral,neutral,0.5,neutral,0.576
299,æ°¸è¿œå¯ä»¥ç›¸ä¿¡ç™½é¹¿çš„æ¼”æŠ€å®åŠ›,0.966,positive,positive,0.98,positive,0.969
300,å•Šï¼ŒçœŸçš„å¥½ç¾,0.936,positive,positive,0.97,positive,0.974
301,ç™½é¹¿,0.5,neutral,neutral,0.5,neutral,0.576
302,ç ´ç¢é˜¿æœˆ,0.677,positive,negative,0.3,positive,0.906
303,ç™½é¹¿,0.5,neutral,neutral,0.5,neutral,0.576
304,ç»,0.614,positive,neutral,0.5,neutral,0.498
305,æ˜æ˜ç›¸çˆ±ä¸ºä»€ä¹ˆè¦ç›¸æ€å‘¢ï¼Ÿ,0.658,positive,negative,0.2,positive,0.909
306,ç™½é¹¿,0.5,neutral,neutral,0.5,neutral,0.576
307,ç™½é¹¿,0.5,neutral,neutral,0.5,neutral,0.576
308,ç™½é¹¿,0.5,neutral,neutral,0.5,neutral,0.576
309,ç™½é¹¿,0.5,neutral,neutral,0.5,neutral,0.576
310,#ç™½é¹¿ç´ å¦†ç ´ç¢æ„Ÿ# #ç™½é¹¿ç´ å¦†ç ´ç¢æ„Ÿ# #ç™½é¹¿ç´ å¦†ç ´ç¢æ„Ÿ# #ç™½é¹¿ç´ å¦†ç ´ç¢æ„Ÿ# #ç™½é¹¿ç´ å¦†ç ´ç¢æ„Ÿ# #ç™½é¹¿ç´ å¦†ç ´ç¢æ„Ÿ# #ç™½é¹¿ç´ å¦†ç ´ç¢æ„Ÿ# #ç™½é¹¿ç´ å¦†ç ´ç¢æ„Ÿ# #ç™½é¹¿ç´ å¦†ç ´ç¢æ„Ÿ#,0.0,negative,neutral,0.5,negative,0.278
311,#ç™½é¹¿ç´ å¦†ç ´ç¢æ„Ÿ#,0.26,negative,neutral,0.5,negative,0.242
312,ç™½é¹¿,0.5,neutral,neutral,0.5,neutral,0.576
313,ç™½é¹¿,0.5,neutral,neutral,0.5,neutral,0.576
314,ä½ å¯ä»¥æ°¸è¿œç›¸ä¿¡ç™½é¹¿çš„æ¼”æŠ€ï¼Œå¤ªå¸¦æ„Ÿäº†,0.869,positive,positive,0.92,positive,0.972
315,ç™½é¹¿,0.5,neutral,neutral,0.5,neutral,0.576
316,ç™½é¹¿,0.5,neutral,neutral,0.5,neutral,0.576
317,ç™½é¹¿,0.5,neutral,neutral,0.5,neutral,0.576
318,#ç™½é¹¿ç´ å¦†ç ´ç¢æ„Ÿ#,0.26,negative,neutral,0.5,negative,0.242
319,è°æ‡‚é‚£ä¸ªçœ¼ç¥,0.776,positive,neutral,0.5,positive,0.891
320,è¿åŠ¨èµ·æ¥,0.5,neutral,neutral,0.5,positive,0.9
321,âœ¨æœŸå¾…ã€å´ç£Šã€‘é¢†è¡”ä¸»æ¼”çš„ã€åŒç”·ä¸»ã€‘ç”µå½±ã€Šä¸œæå²›ã€‹ï¼ŒæœŸå¾…çƒ­è¡€å°‘å¹´ç”·ä¸»ã€é˜¿è¡ã€‘ï¼âœ¨,1.0,positive,positive,0.95,positive,0.964
322,æœŸå¾…æˆ‘ä»¬ä¸œæå²›çƒ­è¡€ç”·ä¸»å´ç£Šé˜¿è¡,0.993,positive,positive,0.94,positive,0.98
323,æœŸå¾…æœ±ä¸€é¾™,0.729,positive,positive,0.92,positive,0.979
324,æœŸå¾…ä¸€ç•ªå¤§ç”·ä¸»æ–°ç”µå½±ã€Šä¸œæå²›ã€‹ï¼Œé˜¿èµ‘éª¨å­é‡Œç”Ÿæ¥æ·Œç€æ— ç•ï¼Œä»–ä¸çŸ¥é“ä»€ä¹ˆæ˜¯â€œå¤§ä¹‰â€ï¼Œåªæƒ³æ•‘ä¸€ä¸ªï¼Œå†æ•‘ä¸€ä¸ªã€‚ #æœ±ä¸€é¾™ç”µå½±ä¸œæå²›# æˆ‘ä»¬æš‘æœŸè§ï¼,0.952,positive,positive,0.96,positive,0.93
325,æœŸå¾…ç”µå½±ã€Šä¸œæå²›ã€‹ï¼ŒæœŸå¾…æœ±ä¸€é¾™é˜¿èµ‘ï¼Œ2025æš‘æœŸè§ @æœ±ä¸€é¾™,0.996,positive,positive,0.945,positive,0.969
326,æœŸå¾…æœ±ä¸€é¾™ï¼,0.729,positive,positive,0.93,positive,0.978
327,â€œå°‘å¹´çƒ­è¡€ï¼Œæ‰¬å¸†èµ·èˆªâ€æœŸå¾…é¢†è¡”ä¸»æ¼”å´ç£Šé¥°æ¼”çš„ç”·ä¸»çƒ­è¡€å°‘å¹´é˜¿è¡,1.0,positive,positive,0.955,positive,0.978
328,æœŸå¾…æœŸå¾…ï¼ æœŸå¾…æœ±ä¸€é¾™,0.915,positive,positive,0.96,positive,0.98
329,æœŸå¾…æˆ‘ä»¬ä¸œæå²›ç”·ä¸»å´ç£Šé˜¿è¡,0.971,positive,positive,0.94,positive,0.979
330,å´ç£Šï¼ä¸»æ¼”ï¼ æœŸå¾…ä½äº†ï¼ #å´ç£Šé˜¿è¡# #å´ç£Šç”µå½±ä¸œæå²›#,0.996,positive,positive,0.97,positive,0.813
331,æ˜¯å“ªå¤©ä¸Šæ˜ ,0.357,negative,neutral,0.5,neutral,0.487
332,è·¯æ¼”åƒä¸‡è¦æ”¾åœ¨ä¸ƒæœˆåˆå“¦,0.848,positive,neutral,0.5,positive,0.876
333,æœŸå¾…ã€å´ç£Šã€‘é¢†è¡”ä¸»æ¼”çš„ã€åŒç”·ä¸»ã€‘ç”µå½±ã€Šä¸œæå²›ã€‹ï¼ŒæœŸå¾…çƒ­è¡€å°‘å¹´ã€é˜¿è¡ã€‘ï¼,1.0,positive,positive,0.85,positive,0.968
334,å·²ç»è¿‡å»ä¹ä¸ªå°æ—¶äº†ï¼Œæ€ä¹ˆè¿˜ä¸å®šæ¡£ï¼ï¼ï¼,0.312,negative,negative,0.2,negative,0.242
335,æœŸå¾…ï¼,0.689,positive,positive,0.8,positive,0.962
336,å®šæ¡£å®šæ¡£ï¼ï¼ï¼æœŸå¾…é˜¿èµ‘ï¼ï¼ï¼// @å•è¯æ²¡èƒŒè¿˜æƒ³ç€æœ±ä¸€é¾™ :æœŸå¾…ä¸€ç•ªå¤§ç”·ä¸»æœ±ä¸€é¾™é˜¿èµ‘ï¼ï¼ï¼,0.508,neutral,positive,0.9,positive,0.764
337,æœŸå¾…ä¸€ç•ªå¤§ç”·ä¸»æœ±ä¸€é¾™,0.809,positive,positive,0.75,positive,0.975
338,ç»ˆäº æœŸå¾…ä¸€ç•ªå¤§ç”·ä¸»æœ±ä¸€é¾™,0.844,positive,positive,0.82,positive,0.975
339,æœ±ä¸€é¾™,0.575,neutral,neutral,0.5,neutral,0.542
340,æœŸå¾…å´ç£Šä¸œæå²›,0.96,positive,positive,0.78,positive,0.975
341,æœŸå¾…å´ç£Šé˜¿è¡,0.97,positive,positive,0.8,positive,0.98
342,æœŸå¾…å´ç£Š,0.973,positive,positive,0.8,positive,0.978
343,å¥½,0.656,positive,positive,0.9,positive,0.811
344,æœŸå¾…ã€Šä¸œæå²›ã€‹ä¸€ç•ªå¤§ç”·ä¸»æœ±ä¸€é¾™ï¼,0.739,positive,positive,0.85,positive,0.973
345,æœ±ä¸€é¾™é˜¿èµ‘,0.853,positive,neutral,0.5,neutral,0.493
346,æœŸå¾…,0.689,positive,positive,0.75,positive,0.975
347,ä¸€ç•ªå¤§ç”·ä¸»æœ±ä¸€é¾™,0.68,positive,positive,0.8,positive,0.958
348,æœŸå¾…å´ç£Š #å´ç£Šç”µå½±ä¸œæå²›# wl #å´ç£Šé˜¿è¡#,0.993,positive,positive,0.85,positive,0.85
349,æˆ‘ææŒ‡ä¸€ç®—ï¼Œ726æ˜¯ä¸ªå¥½æ—¥å­ï¼,0.673,positive,positive,0.8,positive,0.848
350,æœŸå¾…ä¸€ç•ªå¤§ç”·ä¸»æœ±ä¸€é¾™ï¼ï¼ï¼,0.498,neutral,positive,0.9,positive,0.816
351,æœŸå¾…å´ç£Š,0.973,positive,positive,0.85,positive,0.978
352,å´ç£Š,0.947,positive,neutral,0.5,positive,0.914
353,æ´»èµ·æ¥äº†ï¼ä¸œæå²›ä»Šå¤©å°±è¦ä¸å½“äº†ï¼ @æœ±ä¸€é¾™,0.839,positive,positive,0.9,positive,0.942
354,#æœ±ä¸€é¾™ç”µå½±ä¸œæå²›# æœŸå¾…æœ±ä¸€é¾™ @æœ±ä¸€é¾™,0.798,positive,positive,0.85,positive,0.891
355,æœŸå¾…æœ±ä¸€é¾™,0.729,positive,positive,0.85,positive,0.979
356,æœŸå¾…æœ±ä¸€é¾™,0.729,positive,positive,0.85,positive,0.979
357,æœŸå¾…é‡‘é¸¡ç™¾èŠ±åŒæ–™å½±å¸æœ±ä¸€é¾™ä¸€ç•ªé¢†è¡”ä¸»æ¼”çš„ç”µå½±ä¸œæå²› ç¥ç¥¨æˆ¿å¤§å– æœ±ä¸€é¾™å¸¦ä½ çˆ†é‡‘èµ‘,0.993,positive,positive,0.95,positive,0.962
358,æœŸå¾…æœ±ä¸€é¾™é˜¿èµ‘ @æœ±ä¸€é¾™,0.984,positive,positive,0.85,positive,0.979
359,æœŸå¾…é’å¹´æ¼”å‘˜å´ç£Š,0.999,positive,positive,0.85,positive,0.979
360,æœŸå¾…,0.689,positive,positive,0.75,positive,0.975
361,å·²ç»æ˜æ—¥äº†ï¼Œä½ ã€‚ã€‚,0.766,positive,negative,0.2,positive,0.842
362,æœŸå¾…æœ±ä¸€é¾™ç”µå½±ä¸œæå²›,0.868,positive,positive,0.85,positive,0.968
363,å¤©å‘è¶…çº§æƒ³çœ‹~æœ±ä¸€é¾™ï¼ï¼ï¼,0.217,negative,positive,0.92,negative,0.181
364,ä¹ç‚¹äº†ï¼Œä½ è¦å‡ ç‚¹å‘å®šæ¡£å•Š,0.368,negative,neutral,0.5,negative,0.229
365,ä»€ä¹ˆæ—¶å€™,0.526,neutral,neutral,0.5,neutral,0.523
366,ä½ å•¥æ—¶å€™å‘ ä¹ç‚¹ä¸‰åäº”äº†,0.303,negative,neutral,0.5,negative,0.261
367,æœ±ä¸€é¾™,0.575,neutral,neutral,0.5,neutral,0.542
368,æœ±ä¸€é¾™ä¸€ç•ªå¤§ç”·ä¸»,0.68,positive,positive,0.78,positive,0.958
369,æœŸå¾…æ¼”å‘˜æœ±ä¸€é¾™ä¸œæå²›é˜¿èµ‘,0.956,positive,positive,0.85,positive,0.978
370,æœŸå¾…,0.689,positive,positive,0.7,positive,0.975
371,ä¸œæå²›ä½ æœ‰æœ±ä¸€é¾™è¿™ä¸ªåˆå¸…åˆç™½åˆé«˜çš„ä¸ƒé‡‘å½±å¸å½“ä¸€ç•ªå¤§ç”·ä¸»åšä»€ä¹ˆéƒ½ä¼šæˆåŠŸçš„ï¼ŒæœŸå¾…æœ±ä¸€é¾™é¥°æ¼”çš„é˜¿èµ‘ã€‚,0.996,positive,positive,0.96,positive,0.971
372,æœŸå¾…ã€é‡‘é¸¡ç™¾èŠ±åŒæ–™å½±å¸æœ±ä¸€é¾™ã€‘çš„ã€ä¸€ç•ªå¤§ç”·ä¸»ã€‘ç”µå½±ã€Š ä¸œæå²›  ã€‹ï¼æœŸå¾…æœ±ä¸€é¾™é¥°æ¼”çš„é˜¿èµ‘ï¼,0.997,positive,positive,0.95,positive,0.957
373,ä¸œæµ·ä¹‹ä¸Šï¼Œæé™æ•‘æ´ï¼Œè¿™æ˜¯ä¸€éƒ¨ç”¨ç”Ÿå‘½æ‰˜ä¸¾ç”Ÿå‘½çš„æ–‡æ˜å²è¯—ã€‚æœŸå¾…æœ±ä¸€é¾™ä¸€ç•ªå¤§ç”·ä¸»ç”µå½±ä¸œæå²›ã€‚,0.999,positive,positive,0.93,positive,0.971
374,é˜¿èµ‘éª¨å­é‡Œç”Ÿæ¥æ·Œç€æ— ç•ï¼Œä»–ä¸çŸ¥é“ä»€ä¹ˆæ˜¯â€œå¤§ä¹‰â€ï¼Œåªæƒ³æ•‘ä¸€ä¸ªï¼Œå†æ•‘ä¸€ä¸ªã€‚æœŸå¾…æœ±ä¸€é¾™ä¸€ç•ªæ–°ç”µå½±ã€Šä¸œæå²›ã€‹ï¼,0.997,positive,positive,0.92,positive,0.971
375,æœŸå¾…ä¸€ç•ªå¤§ç”·ä¸»æœ±ä¸€é¾™ã€Šä¸œæå²›ã€‹,0.739,positive,positive,0.88,positive,0.975
376,æœŸå¾…æ¼”å‘˜æœ±ä¸€é¾™é¥°æ¼”çš„â€œé˜¿èµ‘ â€,0.989,positive,positive,0.85,positive,0.975
377,æœŸå¾…ä¸€ç•ªå¤§ç”·ä¸»æœ±ä¸€é¾™,0.809,positive,positive,0.82,positive,0.975
378,æœŸå¾…æœ±ä¸€é¾™ã€Šä¸œæå²›ã€‹,0.643,positive,positive,0.8,positive,0.972
379,æœŸå¾…å®šæ¡£,0.644,positive,positive,0.65,positive,0.958
380,æœŸå¾…ä¸œæå²›ï¼ï¼æœŸå¾…æœ±ä¸€é¾™ï¼ï¼ï¼ç”µå½±é™¢è§,0.146,negative,positive,0.94,positive,0.787
381,æœŸå¾…æœ±ä¸€é¾™,0.729,positive,positive,0.85,positive,0.979
382,æ€¥é¼ äº†,0.21,negative,negative,0.15,neutral,0.506
383,å´ç£Šï¼Œç”µå½±é™¢è§,0.901,positive,neutral,0.5,positive,0.931
384,æœŸå¾…ä¸€ç•ªå¤§ç”·ä¸»æœ±ä¸€é¾™,0.809,positive,positive,0.88,positive,0.975
385,æœŸå¾…æœ±ä¸€é¾™ï¼ï¼ï¼ï¼ï¼ï¼ï¼,0.327,negative,positive,0.92,negative,0.183
386,æœŸå¾…æœ±ä¸€é¾™,0.729,positive,positive,0.85,positive,0.979
387,æœŸå¾…æœ±ä¸€é¾™ä¸€ç•ªå¤§ç”·ä¸»ç”µå½±ï¼‚ä¸œæå²›ï¼‚,0.859,positive,positive,0.87,positive,0.969
388,58äº†,0.091,negative,neutral,0.5,negative,0.185
389,æœŸå¾…å‘€ï¼æ¿€åŠ¨ä¸­ï¼,0.913,positive,positive,0.95,positive,0.954
390,8.8ä¸è§ä¸æ•£,0.73,positive,neutral,0.5,positive,0.946
391,æœŸå¾…æœ±ä¸€é¾™ï¼,0.729,positive,positive,0.9,positive,0.978
392,å“¦è«è« å½±é™¢è§,0.308,negative,positive,0.85,negative,0.174
393,æœ±ä¸€é¾™,0.575,neutral,neutral,0.5,neutral,0.542
394,æˆ‘çš„å¤©å•Šï¼ï¼,0.198,negative,neutral,0.5,neutral,0.492
395,æœŸå¾… æœ±ä¸€é¾™,0.729,positive,positive,0.9,positive,0.979
396,æœŸå¾…æœ±ä¸€é¾™çš„ç”µå½±,0.908,positive,positive,0.92,positive,0.974
397,8æœˆ8ç”µå½±é™¢è§   æœŸå¾…å´ç£Š,0.854,positive,positive,0.88,positive,0.967
398,å“¦è¿™ä¸ªåº”è¯¥æ˜¯ç‚¸è¯çš„å£°éŸ³å§ã€‚,0.329,negative,neutral,0.5,positive,0.749
399,çœŸçš„å¤ªæœŸå¾…äº†è¿™åœºé¢,0.657,positive,positive,0.95,positive,0.942
400,ç”µå½±ã€Šä¸œæå²›ã€‹ï¼æœŸå¾…æœ±ä¸€é¾™é¥°æ¼”çš„é˜¿èµ‘ï¼,0.99,positive,positive,0.93,positive,0.967
401,é›¶é›¶ç¢ç¢çš„ç™½é¹¿,0.474,neutral,neutral,0.5,neutral,0.537
402,ç»ˆäºæœ‰æœ±ä¸€é¾™çš„æ–°ç”µå½±çœ‹äº†,0.93,positive,positive,0.85,positive,0.919
403,æœŸå¾…ï¼,0.689,positive,positive,0.8,positive,0.962
404,ç­‰ä½ å¾ˆä¹…äº†ï¼ï¼ï¼å¤§åˆ¶ä½œï¼ï¼æœ±ä¸€é¾™è®©äººæœŸå¾…,0.561,neutral,positive,0.92,positive,0.804
405,è¿˜æœ‰ä¿©æœˆå‘¢ï¼Œè¿™ä¹ˆä¹…æ‰æ’­â€¦â€¦ç°åœ¨å‹¾èµ·æˆ‘çš„å…´è¶£ï¼Œæ¥ä¸‹æ¥çš„ä¿©æœˆè¦æˆ‘æ€ä¹ˆç†¬â€¦â€¦ çªç„¶æƒ³èµ·é€†æ°´å¯’æˆ‘çš„ä¸œææµ·è¿˜æ²¡æ€ä¹ˆå»æ¢ç´¢å“ˆå“ˆå“ˆå“ˆ æ™šä¸Šå°±å»æ¡åƒåœ¾~è°¢è°¢æé†’å˜å˜å˜ #ä¸œæå²›# #é¢„å‘Š# #é€†æ°´å¯’# #é€†æ°´å¯’æ‰‹æ¸¸#,0.065,negative,positive,0.75,negative,0.256
406,æœŸå¾…,0.689,positive,positive,0.8,positive,0.975
407,ä¸€ç›´å‘è¥¿è¶Šè¿‡é»„æ˜çº¿ï¼Œè¶Šè¿‡æ—¥ç•Œçº¿ï¼Œå›åˆ°åˆè¯†ä½ çš„é‚£ä¸€å¤©,0.584,neutral,neutral,0.5,positive,0.923
408,è¶Šç´ è¶Šæƒ¨è¶Šç¾çš„å°é¹¿ æ‹¿å›¾å•¦è°¢è°¢,0.921,positive,positive,0.78,positive,0.971
409,æœŸå¾…æœ±ä¸€é¾™,0.729,positive,positive,0.8,positive,0.979
410,æœŸå¾…æœ±ä¸€é¾™,0.729,positive,positive,0.8,positive,0.979
411,â€œå°‘å¹´çƒ­è¡€ï¼Œæ‰¬å¸†èµ·èˆªâ€æœŸå¾…é¢†è¡”ä¸»æ¼”å´ç£Šé¥°æ¼”çš„ç”·ä¸»çƒ­è¡€å°‘å¹´é˜¿è¡,1.0,positive,positive,0.85,positive,0.978
412,#ç”µå½±ä¸œæå²›å®šæ¡£#,0.166,negative,neutral,0.5,negative,0.273
413,æœŸå¾…æœ±ä¸€é¾™ï¼,0.729,positive,positive,0.8,positive,0.978
414,çœ¼æŠ€çœŸçš„å¾ˆå¥½,0.818,positive,positive,0.82,positive,0.955
415,å¤ªä¼šæ¼”å•¦,0.575,neutral,positive,0.9,neutral,0.491
416,æ¸…æ¾ˆçš„çˆ±åªä¸ºä¸­å›½,0.979,positive,positive,0.95,positive,0.978
417,ğŸ #ç™½é¹¿æé’æœˆ# ğŸ #ç™½é¹¿ä¸´æ±Ÿä»™# ğŸ #ç™½é¹¿æé’æœˆ# ğŸ #ç™½é¹¿ä¸´æ±Ÿä»™# ğŸ #ç™½é¹¿æé’æœˆ# ğŸ #ç™½é¹¿ä¸´æ±Ÿä»™# ğŸ #ç™½é¹¿æé’æœˆ# ğŸ #ç™½é¹¿ä¸´æ±Ÿä»™# ğŸ #ç™½é¹¿æé’æœˆ# ğŸ #ç™½é¹¿ä¸´æ±Ÿä»™# ğŸ #ç™½é¹¿æé’æœˆ# ğŸ #ç™½é¹¿ä¸´æ±Ÿä»™# ğŸ #ç™½é¹¿æé’æœˆ# ğŸ #ç™½é¹¿ä¸´æ±Ÿä»™#,0.0,negative,neutral,0.5,negative,0.312
418,â€œå…¬è€…åƒå¤ï¼Œç§è€…ä¸€æ—¶â€,0.448,neutral,positive,0.88,positive,0.798
419,è¿™å°±æ˜¯æ¼”å‘˜ç™½é¹¿çš„æ¼”æŠ€ #ç™½é¹¿ç´ å¦†ç ´ç¢æ„Ÿ# ç™½é¹¿è¶…è¯,0.903,positive,positive,0.75,positive,0.877
420,#æœ±ä¸€é¾™ç”µå½±ä¸œæå²›# æœŸå¾…æœŸå¾…,0.542,neutral,positive,0.83,positive,0.811
421,é¹¿é¹¿,0.474,neutral,neutral,0.5,neutral,0.557
422,æœŸå¾…å´ç£Šé¥°æ¼”çš„çƒ­è¡€é˜¿è¡ï¼ç”µå½±é™¢ä¸è§ä¸æ•£,0.997,positive,positive,0.85,positive,0.977
423,æœŸå¾…ä¸œæå²›ï¼æœŸå¾…å´ç£Šé˜¿è¡ï¼ï¼ #å´ç£Šç”µå½±ä¸œæå²›wlå´ç£Šé˜¿è¡#,0.999,positive,positive,0.88,positive,0.896
424,#ç™½é¹¿æé’æœˆ# ğŸ #ç™½é¹¿# ğŸ #ç™½é¹¿ä¸´æ±Ÿä»™# ğŸ #ç™½é¹¿èŠ±å¦‚æœˆ# ğŸ #ç™½é¹¿# ğŸ #ç™½é¹¿ä¸´æ±Ÿä»™# ğŸ #ç™½é¹¿èŠ±å¦‚æœˆ# ğŸ #ç™½é¹¿# ğŸ #ç™½é¹¿ä¸´æ±Ÿä»™# ğŸ #ç™½é¹¿èŠ±å¦‚æœˆ# ğŸ #ç™½é¹¿# ğŸ #ç™½é¹¿æé’æœˆ# ğŸ #ç™½é¹¿# ğŸ #ç™½é¹¿ä¸´æ±Ÿä»™# ğŸ #ç™½é¹¿èŠ±å¦‚æœˆ# ğŸ #ç™½é¹¿# ğŸ #ç™½é¹¿ä¸´æ±Ÿä»™# ğŸ #ç™½é¹¿èŠ±å¦‚æœˆ# ğŸ,0.0,negative,neutral,0.5,negative,0.307
425,666,0.5,neutral,positive,0.75,neutral,0.511
426,ä¼˜é›…çš„æ°”è´¨æ˜¯è¿™å¥—ç‚¼æˆçš„,0.974,positive,positive,0.7,positive,0.962
427,åŒäº‹è®²å´ç£Šè¯´ä»–çš„å±è‚¡å˜å¾—å¼€æœ—äº†  è¿™æ˜¯å“ªä¸ªè§†é¢‘åœ¨å“ªé‡Œå“‡ï½  æˆ‘æ²¡æœåˆ°è¿™ä¸ªé‡‡è®¿èŠ±çµ®å“‡ï½,0.986,positive,neutral,0.5,positive,0.956
428,æ‡‚è§„å¾‹ä½†æ˜¯ä¸å¯¹å¤–å›½äººä½¿,0.738,positive,negative,0.25,positive,0.909
429,è¶…ç¾çš„,0.75,positive,positive,0.95,positive,0.967
430,åŒäº‹è®²å´ç£Šè¯´ä»–çš„å±è‚¡å˜å¾—å¼€æœ—äº†  è¿™æ˜¯å“ªä¸ªè§†é¢‘åœ¨å“ªé‡Œå“‡ï½  æˆ‘æ²¡æœåˆ°è¿™ä¸ªé‡‡è®¿èŠ±çµ®å“‡ï½ #å´ç£Šç”µå½±ä¸œæå²›# #å´ç£Š#,0.997,positive,neutral,0.5,positive,0.846
431,ç¾,0.858,positive,positive,0.9,positive,0.917
432,ä¼Ÿäººæˆ‘ä»¬æ°¸è¿œæ€€å¿µæ‚¨ ğŸ™ğŸ™ğŸ™,0.943,positive,positive,0.95,positive,0.975
433,å¯¹è½»åº¦å­å®«è„±å‚æœ‰ç”¨å—ï¼Ÿ,0.802,positive,neutral,0.5,positive,0.908
434,è‡´æ•¬ä¼Ÿäººï¼,0.962,positive,positive,0.92,positive,0.98
435,@æœ±ä¸€é¾™ é˜¿èµ‘è¦è§é¢å•¦ #æœ±ä¸€é¾™#,0.48,neutral,positive,0.75,positive,0.815
436,ä¼Ÿäººå¹´è€ä¹Ÿè¦å¼º,0.871,positive,positive,0.85,positive,0.964
437,å¤§å›½æ³±æ³±,0.633,positive,positive,0.88,positive,0.96
438,ç‰¢è®°,0.333,negative,neutral,0.5,negative,0.148
439,è½¬å‘å¾®åš,0.644,positive,neutral,0.5,positive,0.962
440,å›¾ç‰‡è¯„è®º,0.447,neutral,neutral,0.5,neutral,0.541
441,æ°¸è¿œçš„äººæ°‘çš„å„¿å­ã€‚,0.917,positive,neutral,0.5,positive,0.967
442,ä¸ºäººæ°‘æœåŠ¡ï¼,0.715,positive,neutral,0.5,positive,0.951
443,#æ—¶å°šæ”¹é€ #,0.305,negative,neutral,0.5,negative,0.248
444,äººæ°‘æ°¸è¿œæ€€å¿µæ‚¨,0.925,positive,neutral,0.5,positive,0.963
445,ä¸€èµ·è§è¯ä¸œæå²›èˆŸå±±æ¸”æ°‘çš„å‹‡æ•¢ä¸è¡€æ€§ï¼æœŸå¾…ç”Ÿæ¥æ— ç•çš„æœ±ä¸€é¾™é˜¿èµ‘ï¼ç”µå½±ã€Šä¸œæå²›ã€‹8æœˆ8æ—¥è§ï¼ @æœ±ä¸€é¾™ â€‹â€‹â€‹,1.0,positive,neutral,0.5,positive,0.969
446,æ™ºè€…ä¸ºè´¡çŒ®è€Œç”Ÿï¼ŒçœŸè‹±é›„å¿ƒå‘ç™¾å§“ã€‚,1.0,positive,neutral,0.5,positive,0.978
447,ä¸é”™,0.861,positive,neutral,0.5,positive,0.922
448,ä¼Ÿäººçš„äººæ ¼é­…åŠ›ï¼,0.989,positive,neutral,0.5,positive,0.982
449,ä¼Ÿäººäººæ ¼é­…åŠ›æ°¸è¿œç»§æ‰¿,1.0,positive,neutral,0.5,positive,0.984
450,ä¼Ÿäººçš„å…‰è¾‰å½¢è±¡,0.915,positive,neutral,0.5,positive,0.976
451,å‘ä¼Ÿäººè‡´æ•¬ï¼,0.962,positive,neutral,0.5,positive,0.98
452,ä¼Ÿäººåƒå¤,0.783,positive,neutral,0.5,positive,0.959
453,ä¼Ÿå¤§,0.526,neutral,neutral,0.5,positive,0.773
454,äººæ°‘çš„é¢†è¢–ï¼Œäººæ°‘å…¬ä»†ã€‚,0.921,positive,neutral,0.5,positive,0.954
455,æ˜¯çš„å‘¢ï¼é‡Œå¤–åˆ†å¾—æ¸…ï¼,0.81,positive,neutral,0.5,positive,0.922
456,æ…ˆç¥¥çš„ä¼Ÿäºº,0.783,positive,neutral,0.5,positive,0.979
457,ä¼Ÿå¤§,0.526,neutral,neutral,0.5,positive,0.773
458,çœŸçš„å¾ˆç¾,0.941,positive,neutral,0.5,positive,0.968
459,731å¿…é¡»æ’­å‡º æˆ‘ç®¡ä½ å­©å­å®³ä¸å®³æ€• å†å²ä¸èƒ½è¢«é—å¿˜ ä½ å¯ä»¥ä¸å»çœ‹ ä½†æ˜¯å¿…é¡»è¦æ’­å‡º,0.931,positive,neutral,0.5,positive,0.946
460,æˆ‘çœ‹åˆ°ä¸€ä½ç½‘å‹çš„å‘è¨€â€œè¿™æ®µå†å²åˆ°ç°åœ¨è¿100å¹´éƒ½ä¸åˆ°â€å¯¹å•Šï¼Œç°åœ¨æ‰è¿‡å»80å¤šå¹´å•Š,0.806,positive,neutral,0.5,positive,0.913
461,çœ‹å¾—æˆ‘å‘æŠ–  è¿™äº›ç®­å¤´å®›å¦‚ä¸€æ¡æ¡æ¯’è›‡â€¦,0.761,positive,negative,0.15,positive,0.911
462,çœ‹ç€æœ‰ä¸€ç§çœ¼çççœ‹ç€è‡ªå·±ç­‰æ­»çš„æ„Ÿè§‰,0.863,positive,negative,0.1,positive,0.96
463,å—¯,0.526,neutral,neutral,0.5,neutral,0.53
464,ä¼Ÿäºº,0.8,positive,positive,0.85,positive,0.942
465,ä¼Ÿäººæ˜¯ä¸­å›½äººçš„è„Šæ¢,0.977,positive,positive,0.9,positive,0.977
466,æˆ‘ä»¬çš„æŠ—æˆ˜ç‰‡å®åœ¨å¤ªå¤ªå¤ªå°‘äº†ï¼Œæˆ‘ä»¬çš„æŠ—æˆ˜æ˜¯ä¸–ç•Œç‹¬ä¸€æ— äºŒçš„ï¼Œå½“åˆæ‰“çš„é‚£ä¹ˆè‰°éš¾ï¼Œç„¶è€Œæ²¡æœ‰å½±åƒæ¥å¤åŸï¼Œå¤ªä¸åº”è¯¥äº†,0.974,positive,negative,0.25,positive,0.928
467,1,0.327,negative,neutral,0.5,negative,0.307
468,2,0.331,negative,neutral,0.5,negative,0.309
469,.,0.526,neutral,neutral,0.5,neutral,0.515
470,å¤±è¸ªäººå£å›å½’,0.923,positive,neutral,0.5,positive,0.93
471,è€ç™½ï¼ä½ è¿˜çŸ¥é“å‘å¾®åšå•Š,0.467,neutral,positive,0.7,positive,0.768
472,è€ç™½ï¼Œå¿«å›å¤æˆ‘ï¼Œæˆ‘æ˜¯ä½ é“ç²‰å•Š,0.241,negative,positive,0.85,positive,0.831
473,wocï¼è›‹ç™½ï¼,0.474,neutral,positive,0.75,neutral,0.498
474,ä¹Ÿæ˜¯å¥½èµ·æ¥äº†ï¼Œèƒ½çœ‹åˆ°è€ç™½å‘è§†é¢‘äº†,0.764,positive,positive,0.8,positive,0.878
475,è€ç™½ï¼ï¼ï¼ï¼,0.197,negative,positive,0.7,negative,0.184
476,æˆ‘é ç™½,0.458,neutral,positive,0.7,neutral,0.543
477,ä»€ä¹ˆæ—¶å€™å¤æ’­å‘€ï¼Ÿè›‹ç™½,0.745,positive,neutral,0.5,positive,0.781
478,è›‹ç™½ï¼ï¼ç™½ï¼,0.233,negative,positive,0.7,neutral,0.496
479,è¿™ä¸ªæ„æ€æ˜¯è¦å›å½’å•¦,0.944,positive,positive,0.75,positive,0.843
480,ä¹Ÿæ˜¯ç¡è’™äº†ï¼Œçœ‹åˆ°è€ç™½å‘å¾®åšäº†,0.196,negative,positive,0.65,positive,0.84
481,ç™½å“¥ä»€ä¹ˆæ—¶å€™å›æ¥å•Š,0.437,neutral,neutral,0.5,neutral,0.53
482,çŒ´ï¼ä½ æ´»äº†çŒ´,0.618,positive,neutral,0.5,positive,0.761
483,æ™šä¸Šå¥½ï¼Œé…ªè›‹ç™½,0.477,neutral,neutral,0.5,neutral,0.499
484,è½¬å‘å¾®åš,0.644,positive,neutral,0.5,positive,0.962
485,æ™šä¸Šå¥½è›‹ç™½,0.503,neutral,neutral,0.5,positive,0.834
486,å‹¿å¿˜å›½è€»,0.497,neutral,neutral,0.5,neutral,0.484
487,è€ç™½ï¼Œä»€ä¹ˆæ—¶å€™å¼€æ’­,0.451,neutral,neutral,0.5,positive,0.779
488,æ ¸å¹³æ—¥æœ¬ï¼Œæ¶ˆé™¤å¿ƒé­”,0.997,positive,negative,0.1,positive,0.97
489,WOWï¼å¤±è¸ªäººå£å›å½’äº†ï¼Ÿ,0.916,positive,positive,0.8,positive,0.884
490,ä½ ç«Ÿç„¶æ›´æ–°äº†ï¼Ÿï¼Ÿï¼ï¼Ÿï¼ï¼Ÿï¼ï¼ï¼Ÿï¼ï¼Ÿï¼ï¼Ÿï¼ï¼Ÿï¼ï¼ï¼ï¼Ÿï¼Ÿï¼Ÿï¼Ÿï¼Ÿï¼Ÿ,0.095,negative,positive,0.85,negative,0.255
491,çœ‹è¿™ä¸ªè§†é¢‘å°±å¾ˆè§£å‹,0.85,positive,positive,0.85,positive,0.912
492,æˆ‘èƒ½çœ‹ä¸€å¤©,0.441,neutral,positive,0.75,neutral,0.52
493,ç©ä¸‰ä¸ªå°æ—¶å°±å¿ä¸ä½å»ç©æ‰‹æœºäº†,0.777,positive,negative,0.25,positive,0.859
494,çœ‹çœ‹ç°åœ¨åœ¨åæœ‰å¥½å¤šå­¦æ ¡å§ï¼ï¼ï¼,0.887,positive,neutral,0.5,positive,0.815
495,æˆ‘ä¹Ÿåˆ¨ ç„¶åå‡ºå»ä¹°æ¡¶å†°æ·‡æ·‹ ç»§ç»­åˆ¨,0.948,positive,neutral,0.5,positive,0.836
496,é‚£æˆ‘èƒ½çœ‹ä½ åˆ¨ä¸€å¤©æœ¨å¤´,0.815,positive,positive,0.75,positive,0.811
497,çœ‹ç€å®¹æ˜“ï¼ŒçœŸä¸Šæ‰‹ç”¨ä¸äº†å¤šä¹…å°±ç£¨å‡ºæ°´æ³¡,0.058,negative,negative,0.2,positive,0.92
498,åœ¨è½¯è½¯çš„æœ¨æ¿ä¸ŠæŒ–å‘€æŒ–å‘€æŒ–ï¼Œç”¨å°å°çš„é“²å­ï¼Œåˆ¨å‡ºä¸€ç‰‡ç‰‡çš„èŠ±ã€‚ã€‚ã€‚,0.947,positive,positive,0.8,positive,0.836
499,å¥½åƒåœ¨æŒ–å†°æ·‡æ·‹å“¦,0.535,neutral,positive,0.65,neutral,0.481
500,æ”¾å¿ƒï¼Œçœ‹ç€è§£å‹ï¼ŒçœŸåŠ¨æ‰‹ï¼Œèƒ½åšæŒä¸€å°æ—¶éƒ½ç®—ä½ å‰å®³,0.656,positive,negative,0.3,positive,0.963
501,å“ä½ ä»¬è¿™ä¸–é¢è§çš„ã€‚å»ºè®®ä¹°ä¸ªå°è¥¿ç“œï¼Œåˆ‡ä¸¤åŠï¼Œç”¨å°é“æ±¤åŒ™ğŸ¥„æŒ–å•ŠæŒ–å•Šé“²å•Šé“²å•Šèƒ½æŠŠç“œçš®åˆ®ç©¿ï¼Œè¿˜è§£æ¸´,0.203,negative,neutral,0.5,negative,0.212
502,@miuåŒ ,0.474,neutral,neutral,0.5,positive,0.912
503,ä¸»è¦æ˜¯æœ¨å¤´ä¸æ˜¯é“²å­,0.395,negative,neutral,0.5,positive,0.813
504,@ä»Šå¤©æ˜ŸæœŸå‡ e_e,0.698,positive,neutral,0.5,positive,0.931
505,å­¦èµ·æ¥,0.732,positive,positive,0.65,positive,0.921
506,@ç…®æ‰‹äºŒå“¥,0.853,positive,neutral,0.5,positive,0.951
507,æŒ‡ç”²å¥½Qå•Šï½ï½ï½,0.546,neutral,positive,0.85,positive,0.932
508,ä¸€èµ·åŠ¨èµ·æ¥,0.447,neutral,positive,0.68,neutral,0.504
509,æˆ‘æ€¥åˆ‡çš„éœ€è¦é©¬ç”²çº¿,0.582,neutral,neutral,0.5,neutral,0.5
510,å“‡å¡ å¤æ´»äº†æˆ‘çš„çŒ´,0.804,positive,positive,0.8,positive,0.879
511,å­¦ä¹ ,0.835,positive,neutral,0.5,positive,0.901
512,è¿™ä¹ˆä¸æ»‘å—,0.794,positive,positive,0.75,positive,0.951
513,åŠ¨èµ·æ¥,0.447,neutral,positive,0.65,neutral,0.543
514,ç»ƒè‡€è…¿è…¹è‚Œæœ€é«˜æ•ˆçš„åŠ¨ä½œ,0.982,positive,neutral,0.5,positive,0.943
515,æ„Ÿè§‰æœ‰ç‚¹å„¿éš¾,0.433,neutral,negative,0.3,positive,0.809
516,ä¸€èµ·åŠ¨èµ·æ¥,0.447,neutral,positive,0.7,neutral,0.504
517,ç»™æˆ‘è¿™ä¸ªå°é“²å­ï¼Œæˆ‘èƒ½æŠŠå®¶é‡Œçš„æœ¨å¤´å…¨æŒ–æˆèŠ±,0.626,positive,positive,0.85,positive,0.891
518,å­¦èµ·æ¥,0.732,positive,positive,0.65,positive,0.921
519,å°æ—¥æœ¬æˆ‘è‰å°¼ç›,0.883,positive,negative,0.05,positive,0.935
520,æ­£æ˜¯æˆ‘éœ€è¦çš„ ä¸€èµ·æ¥è¿åŠ¨,0.768,positive,positive,0.8,positive,0.969
521,//,0.2,negative,neutral,0.5,neutral,0.508
522,å­¦èµ·æ¥ï¼å¤å¤©æˆ‘è¦ç˜¦è‚šå­ï¼,0.918,positive,positive,0.75,positive,0.933
523,å­¸èµ·ä¾†,0.621,positive,positive,0.7,positive,0.909
524,#åˆ«åªæ”¶è—ä¸€å®šè¦è·Ÿç»ƒ# #ä¸‰ä¸ªåŠ¨ä½œå¸¦ä½ è½»æ¾ç˜¦è…¿#,0.486,neutral,positive,0.78,negative,0.197
525,è¿™ä¸ªæ‰‹æŒ‡ç”²â€¦,0.612,positive,neutral,0.5,positive,0.874
526,å­¦åˆ°äº†,0.732,positive,positive,0.65,positive,0.812
527,è¿™å•¥æœ¨å¤´,0.579,neutral,neutral,0.5,neutral,0.511
528,ç¾,0.858,positive,positive,0.9,positive,0.917
529,å¥½çš„ï¼Œæ”¶è—,0.826,positive,neutral,0.5,positive,0.964
530,å¥½ä¸æ»‘å‘€ï¼å¥½æƒ³æ‹¥æœ‰,0.974,positive,positive,0.85,positive,0.973
531,è¿™ä¸ªæœ‰è¶£,0.785,positive,positive,0.85,positive,0.943
532,è¿™æ´»å¹²çš„ï¼Œæ‰‹æŒ‡éƒ½ç•¸å½¢äº†,0.305,negative,negative,0.1,positive,0.844
533,..,0.47,neutral,neutral,0.5,neutral,0.519
534,è¿™æ˜¯ä»€ä¹ˆæœ¨é‚£ä¹ˆè½¯ã€‚,0.53,neutral,neutral,0.5,positive,0.769
535,ä»–çš„é£ŸæŒ‡æŒ‡ç”²å·²ç»æ®‹åºŸäº†ï¼Œå°±æ˜¯å¤ªç”¨åŠ›æŒ¤å‹é€ æˆçš„â€¦â€¦,0.178,negative,negative,0.08,positive,0.888
536,6,0.39,negative,neutral,0.5,negative,0.233
537,é“²å­è¿™ä¹ˆå¿«å˜›,0.695,positive,positive,0.7,positive,0.845
538,è·ŸæŒ–è¥¿ç“œä¸€æ ·,0.173,negative,neutral,0.5,neutral,0.478
539,æˆ‘èƒ½ç©å¥½å‡ å¤©,0.473,neutral,positive,0.8,neutral,0.506
540,åˆ©å™¨,0.667,positive,neutral,0.5,positive,0.755
541,æˆ‘æƒ³è¦è¿™æŠŠé“²å­,0.518,neutral,neutral,0.5,positive,0.82
542,è€ç™½,0.478,neutral,neutral,0.5,neutral,0.563
543,çœ‹ç†ŠçŒ«åƒç«¹å­ä¸€æ ·è§£å‹,0.579,neutral,positive,0.75,positive,0.891
544,å…¶å®æ˜¯éå¸¸ç´¯çš„ï¼Œå¯¹æ‰‹çš„åŠ›æ°”è¦æ±‚å¾ˆé«˜çš„,0.624,positive,negative,0.2,positive,0.949
545,åˆ¨çš„æ˜¯æœ¨å¤´å—ï¼Ÿæˆ‘æ€ä¹ˆæ„Ÿè§‰åœ¨åˆ¨é›ªç³•,0.873,positive,neutral,0.5,positive,0.792
546,å“‡ è›‹ç™½ ä½ æ›´äº†,0.599,neutral,positive,0.7,neutral,0.5
547,çœŸå¥½è½,0.636,positive,positive,0.85,positive,0.944
548,æ˜¯ä¸æ˜¯ç°æŒ‡ç”²å•Šï¼Œä»–,0.106,negative,negative,0.3,negative,0.169
549,æ‹¿ä¸ªå‹ºå­åˆ¨è¥¿ç“œä¹Ÿè¡Œ,0.411,neutral,neutral,0.5,positive,0.74
550,é“é”¹åˆ¨å­,0.474,neutral,neutral,0.5,negative,0.147
551,å£°éŸ³å¥½èˆ’æœ,0.657,positive,positive,0.85,positive,0.956
552,éå¸¸è§£å‹,0.577,neutral,positive,0.88,positive,0.895
553,æŒ–æ¤°å­è‚‰çš„å¥½å·¥å…·,0.879,positive,positive,0.8,positive,0.92
554,å¥½ç©,0.789,positive,positive,0.75,positive,0.955
555,ç™½é¹¿,0.5,neutral,neutral,0.5,neutral,0.576
556,ä½ è¿˜å¾—æœ‰æœ¨å¤´,0.626,positive,neutral,0.5,positive,0.804
557,ğŸ˜„,0.5,neutral,positive,0.9,neutral,0.534
558,è§£å‹,0.577,neutral,positive,0.78,positive,0.757
559,ä½ ä»¬æ˜¯çœŸ6,0.394,negative,positive,0.82,neutral,0.494
560,è½¬å‘å¾®åš,0.644,positive,neutral,0.5,positive,0.962
561,ä»€ä¹ˆæ—¶å€™å›æ¥é…ªè›‹ç™½ï½,0.438,neutral,neutral,0.5,neutral,0.486
562,è¿™ä¸ªæœ¨å¤´å¥½è½¯å‘€,0.533,neutral,positive,0.65,positive,0.878
563,è¡¥,0.543,neutral,neutral,0.5,neutral,0.496
564,ç»ƒèµ·æ¥,0.684,positive,positive,0.6,positive,0.937
565,åˆ¨å†°æ·‡æ·‹ä¼šæ›´å¼€å¿ƒ,0.951,positive,positive,0.85,positive,0.935
566,321 ä¸Šé“¾æ¥,0.369,negative,neutral,0.5,negative,0.177
567,ä½ å¼„ä¸ªå¤§æ¡¶å…«å–œå°±è¡Œäº†,0.519,neutral,neutral,0.5,positive,0.787
568,è¿™ä¸ªä¸é”™ï¼Œç ä½è¯•è¯•,0.888,positive,positive,0.75,positive,0.896
569,ç ä½è¯•è¯•,0.586,neutral,neutral,0.5,neutral,0.493
570,ä¸€ä¸ªå‘æ­£å¥½è£…ä¸€å¨å†°æ·‡æ·‹,0.083,negative,negative,0.3,positive,0.83
571,å¥½ä¸æ»‘,0.869,positive,positive,0.85,positive,0.968
572,é—²çš„è›‹ç–¼,0.643,positive,negative,0.1,neutral,0.499
573,åå¹´å‰å‡ºå»æ—…æ¸¸ï¼Œç¬¬ä¸€ç«™å°±å»çš„å—äº¬ï¼Œæœ€å…ˆå»çš„å—äº¬å¤§å± æ€é‡éš¾åŒèƒçºªå¿µé¦†ï¼Œæˆ‘æ˜¯è¿™è¾ˆå­éƒ½ä¸ä¼šå¿˜è®°æ—¥æœ¬å†›å›½ä¸»ä¹‰åˆ†å­å’Œä¾µåæ—¥å†›çš„ç½ªè¡Œã€‚å½“å¹´å’Œæˆ‘å“¥ä»¬å„¿å»é•¿æ˜¥ä¼ªæ»¡çš‡å®«ï¼Œé‚£å¹´å“¥ä»¬å¾—ä¸‰åäº†ï¼Œåœ¨é‡Œé¢å™¼é‡Œå•ªå•¦æ‰çœ¼æ³ªï¼Œæˆ‘é—®ä»–å’‹äº†ï¼Œä»–è¯´è¿™å¸®çŠŠå­ï¼ˆæ—¥æœ¬äººï¼‰æ ¹æœ¬ä¸æ˜¯äººã€‚,1.0,positive,negative,0.05,positive,0.909
574,æ•ˆæœä¸é”™,0.905,positive,positive,0.7,positive,0.946
575,æˆ‘ä¹Ÿæƒ³ç© @é’±å¤šå¤šgoddess,0.772,positive,neutral,0.5,positive,0.962
576,ç ä½ç»ƒç»ƒ// @åªåŠ ç› :è¿™ä¸ªä¸é”™ // @æ…§æ–°æ˜Ÿè¯­ :ç»ƒè‡€è…¿è…¹è‚Œæœ€é«˜æ•ˆçš„åŠ¨ä½œ,0.997,positive,positive,0.75,positive,0.953
577,æ‰‹è‰ºäººçš„é«˜å…‰æ—¶åˆ»,0.822,positive,positive,0.8,positive,0.972
578,è¿™ä¸ªä¸é”™ï¼Œç ä½è·Ÿç€åšã€‚,0.935,positive,positive,0.75,positive,0.933
579,è¿™ä¸ªé“²å­è²Œä¼¼ä¸ä¾¿å®œ,0.437,neutral,neutral,0.5,positive,0.771
580,è¿™æœ¨å¤´å¥½è½¯,0.533,neutral,neutral,0.5,positive,0.887
581,å†°æ·‡æ·‹è´¨æ„Ÿ,0.783,positive,neutral,0.5,positive,0.949
582,å¤ªé”‹åˆ©äº†å§,0.618,positive,neutral,0.5,positive,0.944
583,é‚£æˆ‘å¾—ç»™ä½ å¸¦æŠŠä¼ï¼Œä¸ç„¶è¦è¢«æ·‹æˆè½æ±¤é¸¡äº†,0.812,positive,positive,0.7,positive,0.805
584,éœ€è¦,0.526,neutral,neutral,0.5,neutral,0.515
585,å¦‚æœæƒ…ç»ªæœ‰å¤©æ°” é‚£æ˜¯å¤©æ°”åŸå›  ä¸å½±å“æˆ‘,0.21,negative,neutral,0.5,positive,0.755
586,æƒ…ç»ªä¸èƒ½æ˜¯é˜³å…‰å—ï¼Ÿå¤šæš–å’Œå‘€ï¼Œ,0.88,positive,positive,0.8,positive,0.957
587,é›¨å¤©å‡‰å¿«,0.375,negative,positive,0.65,negative,0.158
588,èƒ½è®©æœ‰æƒ…ç»ªçš„ä»æ¥ä¸æ˜¯æŸä¸ªäººæŸä¸ªäº‹,0.948,positive,neutral,0.5,positive,0.935
589,æˆ‘å–œæ¬¢å›°åœ¨é›¨é‡Œ,0.83,positive,positive,0.85,positive,0.953
590,é›¨é‡Œå¥½åƒä¹Ÿä¸å¤Ÿ,0.64,positive,negative,0.3,positive,0.882
591,æœ‰æ—¶å€™ä½ çš„å¿ƒæ€å°±æ˜¯ä½ çš„æ™´é›¨è¡¨ï¼Œæ²¡ä»€ä¹ˆè¿‡ä¸å»çš„åï¼Œæ—¶é—´æ˜¯æœ€å¥½çš„è‰¯è¯ï¼Œç›¸ä¿¡è‡ªå·±ï¼ŒåŠ æ²¹,0.998,positive,positive,0.95,positive,0.966
592,å¥½,0.656,positive,positive,0.8,positive,0.811
593,æˆ‘èƒ½å¤©å¤©åˆ¨,0.929,positive,neutral,0.5,neutral,0.493
594,å“¦,0.526,neutral,neutral,0.5,neutral,0.526
595,æˆ‘ä»¬åœ¨ä¸åŒé£æ™¯ç›¸åŒæ—¶å…‰é‡Œ,0.96,positive,neutral,0.5,positive,0.961
596,é‚£è¦å‘éœ‰äº†,0.113,negative,negative,0.2,neutral,0.479
597,ä»€ä¹ˆæè´¨çš„ï¼Ÿ,0.595,neutral,neutral,0.5,positive,0.814
598,é›¨å¤©æ‰¾ä¹è¶£å§,0.497,neutral,positive,0.75,positive,0.886
599,æˆ‘æ˜¯æ™´å¤©,0.5,neutral,positive,0.85,neutral,0.541
600,åˆå®‰,0.857,positive,neutral,0.5,neutral,0.512
601,æ€»ä¼šæœ‰æ™´å¤©çš„ï¼Œç­‰å¾…ï¼,0.536,neutral,positive,0.8,positive,0.774
602,åˆé¤å¿«ä¹å“¦,0.951,positive,positive,0.9,positive,0.944
603,ä¸‹é›¨å¤©ä¹Ÿæ˜¯å¦ä¸€ç•ªç¾æ™¯,0.287,negative,positive,0.75,positive,0.779
604,è§£å‹å—ï¼Ÿæƒ³è±¡ä¸€ä¸‹ä¸€åˆ¨å­ä¸‹å»åˆ¨åœ†åœˆå¤–é¢å»äº†,0.364,negative,negative,0.2,positive,0.761
605,æ˜¯æ€ä¹ˆæ§åˆ¶è¿™ä¹ˆç²¾å‡†çš„,0.837,positive,neutral,0.5,positive,0.919
606,ç”Ÿæ´»ä¼šç»§ç»­ï¼Œé›¨åå¤©æ™´,0.692,positive,positive,0.85,positive,0.941
607,çœŸå¿ƒåŠ¨,0.5,neutral,positive,0.95,positive,0.818
608,è¿™ä¸ª è¿˜çœŸæ²¡åšè¿‡å‘¢ å¯ä»¥è¯•è¯•,0.725,positive,neutral,0.5,positive,0.868
609,ç°æŒ‡ç”² ä¸€ä¸ªä¼ æŸ“ä¿©,0.077,negative,negative,0.15,positive,0.787
610,è€ç™½,0.478,neutral,neutral,0.5,neutral,0.563
611,æˆ‘å¯ä»¥çœ‹ä½ åˆ¨ä¸€æ•´å¤©,0.931,positive,positive,0.75,positive,0.886
612,åˆ¨ä¸€å¤©æ‰‹éƒ½åºŸäº†,0.802,positive,negative,0.08,neutral,0.489
613,é€‚åˆè…°æ¤é—´ç›˜çªå‡ºçš„äººé”»ç‚¼å—,0.367,negative,neutral,0.5,positive,0.827
614,ä¸ºä»€ä¹ˆä¸åœ¨é›ªé‡Œï¼Œä¸å°å¿ƒå°±ä¸€èµ·åˆ°ç™½äº†å¤´ã€‚,0.209,negative,positive,0.88,positive,0.766
615,é‚£æˆ‘ä¹Ÿå›°åœ¨é›¨å¤© è®©æˆ‘çš„æ½®æ¹¿è‚†æ„ç”Ÿé•¿ æˆ‘å´æ— å¯å¥ˆä½•,0.177,negative,negative,0.12,positive,0.856
616,æ€»æœ‰æ™´ç©ºä¸‡é‡Œæ—¶,0.534,neutral,positive,0.82,neutral,0.526
617,ç¾çš„åƒè¯—,0.982,positive,positive,0.96,positive,0.962
618,å¥½è§£å‹,0.701,positive,positive,0.88,positive,0.937
619,è¥¿ç“œä¸å°±è¿™æ ·åƒå—,0.06,negative,neutral,0.5,negative,0.134
620,å¥½ä¸æ»‘,0.869,positive,positive,0.92,positive,0.968
621,@æ¥è‡ªæœˆçƒçš„RR,0.966,positive,neutral,0.5,positive,0.959
622,@èŠå£«ç„—çº¢è®¸ä¸¶,0.917,positive,neutral,0.5,positive,0.911
623,ä½†æ„¿ä¸è¦åœ¨è¿™æ ·çš„é›¨å¤©é‡Œè¡Œèµ°ã€‚,0.845,positive,negative,0.25,positive,0.905
624,é›¨æ€»ä¼šåœçš„ï¼Œæ— è®ºé£é›¨å¤šä¹ˆçŒ›çƒˆï¼Œæ€»æœ‰æ”¾æ™´çš„æ—¶å€™ ğŸŒˆ,0.933,positive,positive,0.85,positive,0.886
625,å¥½æƒ³æ‹¥æœ‰,0.862,positive,positive,0.7,positive,0.965
626,è¿™å±…ç„¶æ˜¯æœ¨å¤´,0.26,negative,neutral,0.5,positive,0.78
627,è‡´æ•¬ä¼Ÿäºº,0.962,positive,positive,0.9,positive,0.98
628,è½¬å‘å¾®åš,0.644,positive,neutral,0.5,positive,0.962
629,æ¥æ¥æ¥ï¼Œä¸Šæ¾æœ¨ï¼Œå¸¦æ¾æ˜çš„é‚£ç§ã€‚,0.694,positive,neutral,0.5,positive,0.872
630,çœ‹ç€æ¸©å’Œ äººå®¶å¯æ˜¯åˆ€å•Š,0.718,positive,neutral,0.5,positive,0.954
631,å¬ç€å¥½èˆ’æœ,0.835,positive,positive,0.85,positive,0.956
632,// @ç¾Šé©¼çš„è®¿å®¢æ’ä»¶ :â€œå…¬è€…åƒå¤ï¼Œç§è€…ä¸€æ—¶â€,0.224,negative,positive,0.75,positive,0.879
633,ç ä½,0.341,negative,neutral,0.5,negative,0.177
634,è¿™æ˜¯è½¯ä¸€ç‚¹çš„æœ¨å¤´å§,0.343,negative,neutral,0.5,positive,0.802
635,ç¾å·¥åˆ€å‰Šé“…ç¬”ä¹Ÿå·®ä¸å¤šæ•ˆæœ,0.937,positive,neutral,0.5,positive,0.969
636,è·Ÿç»ƒ,0.5,neutral,neutral,0.5,neutral,0.505
637,é›¨ä¸­ä¹Ÿè¦æ¼«æ­¥æµªæ¼«ç€,0.987,positive,positive,0.78,positive,0.963
638,æ™šä¸Šå¥½ æ™šé¤å¿«ä¹å“¦,0.973,positive,positive,0.8,positive,0.939
639,è¿™å°é“é”¹è¿™ä¹ˆé”‹åˆ©,0.758,positive,neutral,0.5,positive,0.914
640,å‰å®³å•¦,0.36,negative,positive,0.82,neutral,0.492
641,é›¨å¤©ï¼Œä¸–ç•Œéƒ½æ…¢äº†äº›,0.7,positive,neutral,0.5,positive,0.824
642,å¥½ç´¯ï¼Œä¸èƒ½ç›´æ¥åˆ¨è›‹ç³•ğŸ‚å˜›,0.951,positive,negative,0.25,positive,0.898
643,ä¸æƒ³å›°åœ¨é›¨é‡Œï¼Œåªåšè‡ªå·±çš„å°æš–é˜³,0.772,positive,positive,0.75,positive,0.965
644,é›¨å¤©ï¼Œæ‰¾ä¸ªå’–å•¡å…åï¼Œç‚¹æ¯å’–å•¡çœ‹çœ‹çª—å¤–,0.078,negative,positive,0.65,positive,0.916
645,ä½ åœ¨é¿é›¨ï¼Œæˆ‘åœ¨ç­‰é›¨åœ,0.633,positive,neutral,0.5,positive,0.879
646,æˆ‘çœ‹äº†ä¸è§£å‹ï¼Œæ˜¯æªå¿ƒ ï¼Œåœ¨è¾¹ç¼˜çº¿é“²çš„æ—¶å€™ï¼Œæˆ‘ç”Ÿæ€•ä»–æŠŠè¿™ä¸ªåœ†å¼§é“²å˜å½¢äº†,0.574,neutral,negative,0.15,positive,0.897
647,å¥½è§£å‹,0.701,positive,positive,0.9,positive,0.937
648,å“‡å“¦,0.526,neutral,neutral,0.5,neutral,0.541
649,å¦‚æœâ€¦,0.467,neutral,neutral,0.5,neutral,0.517
650,ä»€ä¹ˆæœ¨å¤´å¯ä»¥é“²çš„è¿™ä¹ˆä¸æ»‘å•Š,0.811,positive,positive,0.7,positive,0.932
651,æ„Ÿè§‰åœ¨åƒå¸ƒä¸,0.809,positive,neutral,0.5,positive,0.872
652,ç°åœ¨çš„å¤©æ°”é›¨è½¬æ™´,0.473,neutral,neutral,0.5,neutral,0.496
653,è¿åŠ¨æ›´å¥åº·,0.838,positive,positive,0.8,positive,0.954
654,æˆ‘é ï¼Œä½ çœŸçš„è¦å›å½’äº†å—ï¼Ÿè€ç™½ï¼ï¼ï¼ï¼æˆ‘ç‰Œå­éƒ½è¦æ‰æ²¡äº†,0.521,neutral,positive,0.9,negative,0.182
655,ç»ƒèµ·æ¥,0.684,positive,positive,0.7,positive,0.937
656,è¾¹è¾¹æ²¡åˆ¨çš„å‡†,0.895,positive,negative,0.2,positive,0.762
657,æ·‹é›¨ï¼Œä½•å°ä¸æ˜¯äº²å»é›¨ã€‚,0.878,positive,positive,0.75,positive,0.962
658,çŒ«å„¿è¿™ä¸ªå¯çˆ±,0.92,positive,positive,0.9,positive,0.96
659,QQå¼¹å¼¹å°çŒ«å’ª,0.961,positive,positive,0.85,positive,0.953
660,å˜¿å˜¿ï¼Œæ˜¯qå¼¹çš„çŒ«çŒ«,0.423,neutral,positive,0.85,neutral,0.487
661,æ™šå®‰,0.649,positive,neutral,0.5,positive,0.904
662,6,0.39,negative,neutral,0.5,negative,0.233
663,ä¸€ç‚¹éƒ½ä¸åƒæ¼”çš„,0.314,negative,positive,0.85,neutral,0.488
664,èƒ½å¸å¼•å¤§æ‰¹è§‚ä¼—æ²‰æµ¸å¼è¿½å‰§çš„å½“ç„¶æ˜¯æ¼”å‘˜å¼ºå¤§çš„è§’è‰²å¡‘é€ èƒ½åŠ›ï¼Œæ»¡å‘˜è‚–æˆ˜æ¼”æŠ€å¾ˆç‰›,1.0,positive,positive,0.95,positive,0.977
665,ç»ƒèµ·æ¥,0.684,positive,positive,0.7,positive,0.937
666,è‚–æˆ˜çš„æ— å®ç‰©è¡¨æ¼”ä¸€ç›´éƒ½å¾ˆç‰›ï¼Œæ¯éƒ¨å‰§é‡Œéƒ½æœ‰å‘ˆç°,0.995,positive,positive,0.92,positive,0.978
667,å¤ªå‰å®³äº†,0.209,negative,positive,0.98,neutral,0.476
668,#è‚–æˆ˜# #è—æµ·ä¼ # #è‚–æˆ˜è—æµ·ä¼ # å¥½ä¼šæ¼”,0.298,negative,positive,0.9,negative,0.29
669,#è‚–æˆ˜è—æµ·ä¼ # #è‚–æˆ˜è—æµ·#,0.41,neutral,neutral,0.5,negative,0.295
670,t,0.167,negative,neutral,0.5,negative,0.19
671,#è‚–æˆ˜çœŸçš„æœ‰åœ¨è®¤çœŸæ€è€ƒè¡¨æ¼”ç»†èŠ‚# #è‚–æˆ˜çœŸçš„å¾ˆæ•¬ä¸š# #è‚–æˆ˜è¡¨æ¼”å®åŠ›# æ¼”å‘˜å‘ˆç°çš„çœŸå®æƒ…æ™¯ï¼Œé«˜å…‰ç‰‡æ®µ,1.0,positive,positive,0.92,positive,0.921
672,Nå¹´å‰çªå‘æ€¥æ€§é˜‘å°¾ç‚ï¼Œå°±æ˜¯è„¸è‰²æƒ¨ç™½ï¼Œç—›å¾—æµ‘èº«ä¸Šä¸‹éƒ½æ˜¯æ±—ï¼Œäººæ ¹æœ¬ç«™ä¸ç›´ï¼Œåä¹Ÿåä¸ä½ï¼Œè·Ÿè—æµ·ä¸€æ¨¡ä¸€æ ·ã€‚,0.275,negative,negative,0.15,negative,0.172
673,æ„Ÿè°¢æ¼”å‘˜è‚–æˆ˜ï¼ŒæŠŠæœ‰è¡€æœ‰è‚‰çš„è—æµ·å¸¦åˆ°æˆ‘ä»¬èº«è¾¹ï¼Œä¹Ÿé™ªä¼´ç¨šå¥´èµ°å®Œè¿™åœºå¤ä»‡ä¹‹è·¯ï¼è—æµ·ï¼Œè¾›è‹¦äº†ï¼Œç¨šå¥´ï¼Œç¡ä¸ªå¥½è§‰,1.0,positive,positive,0.88,positive,0.975
674,1,0.327,negative,neutral,0.5,negative,0.307
675,1,0.327,negative,neutral,0.5,negative,0.307
676,2,0.331,negative,neutral,0.5,negative,0.309
677,2,0.331,negative,neutral,0.5,negative,0.309
678,3,0.39,negative,neutral,0.5,negative,0.285
679,3,0.39,negative,neutral,0.5,negative,0.285
680,4,0.411,neutral,neutral,0.5,negative,0.252
681,5,0.459,neutral,neutral,0.5,neutral,0.499
682,1,0.327,negative,neutral,0.5,negative,0.307
683,1,0.327,negative,neutral,0.5,negative,0.307
684,2,0.331,negative,neutral,0.5,negative,0.309
685,3,0.39,negative,neutral,0.5,negative,0.285
686,4,0.411,neutral,neutral,0.5,negative,0.252
687,5,0.459,neutral,neutral,0.5,neutral,0.499
688,æˆ‘,0.526,neutral,neutral,0.5,neutral,0.545
689,æ¼”æŠ€å¤ªå¥½ï¼Œå¾ˆçœŸå®,0.927,positive,positive,0.9,positive,0.971
690,#è‚–æˆ˜çœŸçš„æœ‰åœ¨è®¤çœŸæ€è€ƒè¡¨æ¼”ç»†èŠ‚# #è‚–æˆ˜è—æµ·#,0.96,positive,positive,0.85,positive,0.859
691,çœ‹ç€å¥½ç—› ä½ ä»¬æ˜¯ä¸æ˜¯çœŸçš„æ…ä»– @è—æµ·ä¼ å®˜å¾® #è—æµ·ä¼ #,0.989,positive,negative,0.2,positive,0.893
692,v,0.375,negative,neutral,0.5,negative,0.202
693,#è‚–æˆ˜è‚Œè‚‰çº¿æ¡# #è‚–æˆ˜çœŸçš„æœ‰åœ¨è®¤çœŸæ€è€ƒè¡¨æ¼”ç»†èŠ‚# // @prudentHongKong :è¿˜æœ‰æ¼”è¯å‰§åƒèŠ¥æœ«è¾£åˆ°çš„æ ·å­ï¼Œè¿˜æœ‰é­æ— ç¾¡è¢«ç´«ç”µæŠ½æ‰“æ—¶ï¼Œéƒ½å¥½çœŸå®å•Š // @å…¨é›·2åŒ… :æ— å®ç‰©è¡¨æ¼”æ˜¯è‚–æˆ˜å¤§å¼ºé¡¹ï¼ï¼ä»å”ä¸‰çš„æ— å®ç‰©è¢«ç”µå‡»è¢«ç«çƒ§é’ç­‹æš´èµ·å°±è¢«éœ‡æ’¼ï¼Œè—æµ·ä¼ è®©æ›´å¤šçš„è§‚ä¼—æœ‹å‹ä»¬çœ‹åˆ°è‚–æˆ˜ç‚«æ¼”æŠ€äº†ï¼å¼€å¿ƒå¼€å¿ƒğŸ¥³,1.0,positive,positive,0.9,positive,0.945
694,çœ‹ç€çœŸçš„å—ä¼¤äº†,0.948,positive,neutral,0.5,positive,0.955
695,å‚åŠ æ´»åŠ¨å‚åŠ æ´»åŠ¨,0.929,positive,neutral,0.5,positive,0.894
696,è‚–æˆ˜çš„æ¼”æŠ€å¤ªæ£’äº†ï¼Œæ¯æ¬¡çœ‹åˆ°è‚–æˆ˜ç»å¦™çš„æ¼”æŠ€éƒ½è§‰å¾—ä»–å¾—ä»€ä¹ˆå¥–éƒ½å€¼å¾—ã€‚,1.0,positive,positive,0.95,positive,0.978
697,å¤©å‘,0.493,neutral,neutral,0.5,neutral,0.539
698,ä»é­æ— ç¾¡è¢«ç´«ç”µé­æ‰“é‚£åœºæˆ‘å°±å·²ç»å¯¹ä»–çš„æ— å®ç‰©è¡¨æ¼”æƒŠå¹ä¸å·²äº†ï¼,0.999,positive,positive,0.85,positive,0.974
699,å—¯ï¼Œæ²¡äººæŒ‡å¯¼è…°åº”è¯¥ä¼šåºŸ,0.763,positive,negative,0.25,positive,0.897
700,å¥½çœ‹,0.711,positive,positive,0.7,positive,0.971
701,è‚–æˆ˜æ¼”æŠ€å¤ªç»äº†,0.916,positive,positive,0.95,positive,0.969
702,æ„Ÿè§‰è—æµ·çœŸçš„è¢«æ…äº†ï¼ŒçœŸçš„å¥½ç—›ğŸ˜­,0.91,positive,negative,0.1,positive,0.923
703,è‚–æˆ˜çš„ä¿¡å¿µæ„Ÿéå¸¸å¼ºï¼Œè¿˜èƒ½ç²¾å‡†çš„è¡¨è¾¾å‡ºæ¥ï¼Œä»è€Œç»™è§‚ä¼—å¸¦æ¥è¶…å¼ºä»£å…¥æ„Ÿéå¸¸å®¹æ˜“å’Œè§’è‰²å…±é¸£ #è—æµ·ä¼ # #è—æµ·ä¼ å‰§é›†ç ”è®¨ä¼š# #è‚–æˆ˜è—æµ·#,1.0,positive,positive,0.92,positive,0.871
704,æˆ‘è®¤ä¸ºè‚–æˆ˜æ— å®ç‰©è¡¨æ¼”ä¸€ç›´éƒ½ç‰¹åˆ«å¥½ï¼Œå¯ä»¥å»çœ‹ä»–æ¼”çš„æ¯ä¸€éƒ¨å‰§ï¼Œéƒ½æœ‰æ— å®ç‰©è¡¨æ¼”ã€‚,0.996,positive,positive,0.85,positive,0.978
705,è‚–æˆ˜è¶…è¯ #è‚–æˆ˜çœŸçš„æœ‰åœ¨è®¤çœŸæ€è€ƒè¡¨æ¼”ç»†èŠ‚# #è‚–æˆ˜è‚Œè‚‰çº¿æ¡# #è—æµ·ä¼ # #è‚–æˆ˜è—æµ·ä¼ # #è‚–æˆ˜è—æµ·# å®åŠ›æ´¾æ¼”å‘˜è‚–æˆ˜é¥°æ¼”çš„è—æµ·æ¼”æŠ€å°ç¥ï¼ @Xç–å°‘å¹´å›¢è‚–æˆ˜DAYTOY,1.0,positive,positive,0.98,positive,0.896
706,å´©åæ˜Ÿç©¹é“é“è¶…è¯ ğŸ˜„ğŸ˜„,0.246,negative,positive,0.7,negative,0.173
707,0,0.034,negative,neutral,0.5,negative,0.279
708,è¿™æ¼”æŠ€æ²¡è°äº†ã€‚,0.689,positive,positive,0.88,positive,0.944
709,// @prudentHongKong :è¿˜æœ‰æ¼”è¯å‰§åƒèŠ¥æœ«è¾£åˆ°çš„æ ·å­ï¼Œè¿˜æœ‰é­æ— ç¾¡è¢«ç´«ç”µæŠ½æ‰“æ—¶ï¼Œéƒ½å¥½çœŸå®å•Š // @å…¨é›·2åŒ… :æ— å®ç‰©è¡¨æ¼”æ˜¯è‚–æˆ˜å¤§å¼ºé¡¹ï¼ï¼ä»å”ä¸‰çš„æ— å®ç‰©è¢«ç”µå‡»è¢«ç«çƒ§é’ç­‹æš´èµ·å°±è¢«éœ‡æ’¼ï¼Œè—æµ·ä¼ è®©æ›´å¤šçš„è§‚ä¼—æœ‹å‹ä»¬çœ‹åˆ°è‚–æˆ˜ç‚«æ¼”æŠ€äº†ï¼å¼€å¿ƒå¼€å¿ƒğŸ¥³,1.0,positive,positive,0.93,positive,0.975
710,åˆ˜,0.825,positive,neutral,0.5,neutral,0.534
711,çœ‹ç€æˆ‘è‡ªå·±éƒ½æ„Ÿè§‰ç—›å¾—å¿ƒè„ğŸ«€éƒ½ç¼©ç´§çš„æ„Ÿè§‰ã€‚æ„ŸåŒèº«å— @Xç–å°‘å¹´å›¢è‚–æˆ˜DAYTOY è‚–æˆ˜,0.999,positive,negative,0.15,positive,0.976
712,éš”ç€å±å¹•éƒ½æ„Ÿè§‰åˆ°ç—›ï¼Œè‚–æˆ˜çš„æ— å®ç‰©è¡¨æ¼”ï¼Œåƒæäº†çœŸè¢«æ…äº†çš„ç”Ÿç†ååº” æ¼”æŠ€å°ç¥äº†ï¼ @Xç–å°‘å¹´å›¢è‚–æˆ˜DAYTOY #è‚–æˆ˜çœŸçš„æœ‰åœ¨è®¤çœŸæ€è€ƒè¡¨æ¼”ç»†èŠ‚# #è‚–æˆ˜è—æµ·ä¼ æ¼”æŠ€è·éƒ‘æ™“é¾™è‚¯å®š# // @å…¨é›·2åŒ… :æ— å®ç‰©è¡¨æ¼”æ˜¯è‚–æˆ˜å¤§å¼ºé¡¹ï¼ï¼ä»å”ä¸‰çš„æ— å®ç‰©è¢«ç”µå‡»è¢«ç«çƒ§é’ç­‹æš´èµ·å°±è¢«éœ‡æ’¼ï¼Œè—æµ·ä¼ è®©æ›´å¤šçš„è§‚ä¼—æœ‹å‹ä»¬çœ‹åˆ°è‚–æˆ˜ç‚«æ¼” ... å…¨æ–‡,1.0,positive,positive,0.92,positive,0.958
713,è‚–æˆ˜çš„æ¼”æŠ€ç»†è…»è¡¨è¾¾ç²¾å‡†,0.987,positive,positive,0.85,positive,0.978
714,2,0.331,negative,neutral,0.5,negative,0.309
715,3,0.39,negative,neutral,0.5,negative,0.285
716,4,0.411,neutral,neutral,0.5,negative,0.252
717,5,0.459,neutral,neutral,0.5,neutral,0.499
718,ã€‚,0.526,neutral,neutral,0.5,neutral,0.524
719,11,0.275,negative,neutral,0.5,negative,0.257
720,11,0.275,negative,neutral,0.5,negative,0.257
721,è‚–æˆ˜å¯¹ç»†èŠ‚çš„æŠŠæ§å¤ªç‰›äº†ï¼,0.716,positive,positive,0.95,positive,0.975
722,#è‚–æˆ˜çœŸçš„æœ‰åœ¨è®¤çœŸæ€è€ƒè¡¨æ¼”ç»†èŠ‚#,0.973,positive,positive,0.75,positive,0.919
723,è½¬å‘å¾®åš,0.644,positive,neutral,0.5,positive,0.962
724,çœŸçš„å¦‚åŒèº«ä¸´å…¶å¢ƒ,0.945,positive,positive,0.85,positive,0.958
725,çœŸçš„ä¸åƒæ¼”çš„,0.427,neutral,positive,0.8,neutral,0.503
726,è´µåœ¨çœŸå®ï¼Œå¯è§è‚–æˆ˜å¹³æ—¶æœ‰å¤šæ³¨æ„è§‚å¯Ÿç”Ÿæ´»æœé›†å„ç§ç»éªŒä¿¡æ¯ï¼Œä¸ºè¡¨æ¼”æ‰€ç”¨ï¼ŒçœŸæ˜¯éšæ—¶å‡†å¤‡ç€,1.0,positive,positive,0.9,positive,0.983
727,æˆ‘å¾ˆéœ‡æƒŠï¼Œè‚–æˆ˜æ˜¯æ€ä¹ˆæ‰¾å‡†è¿™ç§æ„Ÿè§‰çš„ï¼Œæ¯ä¸€ä¸ªé•œå¤´çš„èƒŒåï¼Œè‚–æˆ˜åˆ°åº•ä¸‹äº†å¤šå°‘åŠŸå¤«ã€‚ @Xç–å°‘å¹´å›¢è‚–æˆ˜DAYTOY,0.99,positive,positive,0.88,positive,0.972
728,è¿˜æœ‰ä¸Šè¯é‚£ï¼Œç–¼çš„çš®è‚‰æŠ–åŠ¨ä¸€ä¸‹ï¼Œè‚–æˆ˜æ˜¯æ€ä¹ˆåšåˆ°çš„ï¼Œæ„Ÿè§‰çœŸè¢«æ‰äº†,0.108,negative,positive,0.82,positive,0.905
729,æˆ‘ä¹Ÿå–œæ¬¢é›¨å¤©,0.756,positive,neutral,0.5,positive,0.956
730,è¿™æ®µè¡¨æ¼”å½“æ—¶ä¹ŸæƒŠåˆ°æˆ‘äº†ï¼å¤ªçœŸå®äº† #è—æµ·ä¼ # #è‚–æˆ˜è—æµ·#,0.968,positive,positive,0.92,positive,0.819
731,90,0.256,negative,neutral,0.5,negative,0.197
732,æ¼”å‘˜è‚–æˆ˜æ¼”æŠ€å¤ªæ£’äº†ï¼ #ï»¿è‚–æˆ˜è—æµ·# #ï»¿è‚–æˆ˜è—æµ·#,1.0,positive,positive,0.95,positive,0.864
733,æ”¶,0.202,negative,neutral,0.5,negative,0.213
734,è‚–æˆ˜è¶…è¯ #è—æµ·ä¼ # @Xç–å°‘å¹´å›¢è‚–æˆ˜DAYTOY è¿™åœºå—ä¼¤çš„å‰§æƒ…è‚–æˆ˜å°±æ˜¯æ¼”å¾—å¾ˆçœŸå®ï¼ŒçœŸçš„åŒçƒ¦äº†é‚£ç§ä¸€å—ä¼¤å°±åè¡€çš„å‰§æƒ…ã€‚ #è‚–æˆ˜è¯´è¢«è—æµ·ä¼ ç´§å¼ çš„å‰§æƒ…å¸å¼•# #è‚–æˆ˜è—æµ·ä¼ å‰§æƒ…æè¦#,1.0,positive,positive,0.85,positive,0.89
735,æ¼”å‘˜è‚–æˆ˜çœŸçš„å¥½å‰å®³ // @å…¨é›·2åŒ… :æ— å®ç‰©è¡¨æ¼”æ˜¯è‚–æˆ˜å¤§å¼ºé¡¹ï¼ï¼ä»å”ä¸‰çš„æ— å®ç‰©è¢«ç”µå‡»è¢«ç«çƒ§é’ç­‹æš´èµ·å°±è¢«éœ‡æ’¼ï¼Œè—æµ·ä¼ è®©æ›´å¤šçš„è§‚ä¼—æœ‹å‹ä»¬çœ‹åˆ°è‚–æˆ˜ç‚«æ¼”æŠ€äº†ï¼å¼€å¿ƒå¼€å¿ƒğŸ¥³,1.0,positive,positive,0.98,positive,0.978
736,è¿™é‡Œæ¼”å¾—å¥½çœŸå®ï¼Œçœ‹å¾—æˆ‘éƒ½ç–¼äº†,0.971,positive,positive,0.8,positive,0.964
737,ä½ ä»¬æ˜¯ä¸æ˜¯çœŸçš„æ‰ä»–äº† #è—æµ·ä¼ #,0.712,positive,neutral,0.5,negative,0.249
738,333,0.5,neutral,neutral,0.5,neutral,0.505
739,å¥èº«è§†é¢‘ï¼Œç˜¦è…¿,0.978,positive,neutral,0.5,positive,0.945
740,æ”¶,0.202,negative,neutral,0.5,negative,0.213
741,æ¼”æŠ€ä¸æ˜¯å¹å‡ºæ¥çš„ï¼Œå¤§å¼€å¤§åˆæ‚²æƒ…å“­æˆæ˜¯å¾ˆæœ‰æ„ŸæŸ“åŠ›ï¼Œè€Œè¿™ç§ç»†èŠ‚ä¸Šçš„çœŸå®è¡¨ç°æ›´ä½“ç°æ¼”å‘˜çš„ç”¨å¿ƒå’Œå®åŠ›,1.0,positive,positive,0.92,positive,0.978
742,è¿™çœŸçš„ä¸æ˜¯è¢«æ…äº†ä¸€åˆ€å—ï¼Ÿ,0.29,negative,neutral,0.5,positive,0.761
743,è¯•ä¸€ä¸‹,0.594,neutral,neutral,0.5,neutral,0.519
744,666,0.5,neutral,positive,0.85,neutral,0.511
745,å•Šï¼ŒçœŸçš„çœ‹è—æµ·ä¼ æ¶¨çŸ¥è¯†,0.982,positive,positive,0.78,positive,0.958
746,@rayeflux,0.5,neutral,neutral,0.5,positive,0.904
747,ä½ å¤šä¹…ä¸‹è¯¾,0.498,neutral,neutral,0.5,neutral,0.51
748,#è‚–æˆ˜çœŸçš„æœ‰åœ¨è®¤çœŸæ€è€ƒè¡¨æ¼”ç»†èŠ‚# #é€å¸§åˆ†æè—æµ·ä¼ è‚–æˆ˜æ¼”æŠ€# ä¼˜ç§€çš„æ¼”å‘˜å¤§å®¶çœ‹å¾—è§ğŸ‘ğŸ‘,1.0,positive,positive,0.95,positive,0.906
749,å¤ªçœŸå®äº†ï¼Œæ¼”çš„å¤ªå¥½äº†ã€‚,0.617,positive,positive,0.9,positive,0.955
750,çƒ­çˆ±å¯æŠµå²æœˆæ¼«é•¿ï¼Œæ¸©æŸ”å¯æŒ¡è‰°éš¾æ—¶å…‰ï¼Œå®ˆæŠ¤æ˜¯æœ€é•¿æƒ…çš„å‘Šç™½ï¼Œé™ªä¼´æ˜¯æœ€æ²‰é»˜çš„å®ˆæŠ¤ @Xç–å°‘å¹´å›¢è‚–æˆ˜DAYTOY,1.0,positive,positive,0.93,positive,0.975
751,è¿™é‡Œæ¼”çš„çœŸçš„å¤ªå¤ªå¤ªå¥½äº†,0.563,neutral,positive,0.95,positive,0.784
752,å—¯å“¼,0.526,neutral,neutral,0.5,neutral,0.533
753,åŠ¨èµ·æ¥,0.447,neutral,neutral,0.5,neutral,0.543
754,è¿™ä¸€æ®µçœ‹å¾—æˆ‘éƒ½ç–¼,0.915,positive,negative,0.2,positive,0.937
755,å´©åæ˜Ÿç©¹é“é“è¶…è¯ è½¬å‘è¯„è®º #å´©åæ˜Ÿç©¹é“é“#,0.006,negative,neutral,0.5,negative,0.234
756,ï¼Œ,0.526,neutral,neutral,0.5,neutral,0.53
757,#è‚–æˆ˜è—æµ·ä¼ # çœ‹å‰§çš„æ—¶å€™çœŸçš„å°±æ˜¯èƒ½æ„Ÿå—åˆ°é‚£ç§ç–¼ç—›ï¼çœŸçš„ä¸åƒæ¼”çš„ï¼ğŸ‘ #è‚–æˆ˜è—æµ·# #è—æµ·ä¼ #,0.879,positive,positive,0.85,negative,0.188
758,å–œæ¬¢,0.699,positive,positive,0.8,positive,0.929
759,ğŸ™ğŸ™ğŸ™ğŸ™ğŸ™ğŸ™,0.5,neutral,positive,0.65,neutral,0.534
760,66,0.125,negative,positive,0.7,negative,0.19
761,çŒ«çŒ«è¢«æŠ“ä½äº†å‘½è¿çš„åè„–é¢ˆ,0.992,positive,neutral,0.5,positive,0.918
762,1,0.327,negative,neutral,0.5,negative,0.307
763,ä»–æ˜¯å“ªé‡Œå»çœ‹åˆ°çœŸå®å—ä¼¤çœŸå®ç”Ÿå­©å­æ—¶äººç–¼çš„çŠ¶æ€äº†ä¹ˆï¼Œä»–è¿™æ®µæˆ‘ä¸€çœ‹å°±æƒ³åˆ°æˆ‘ç”Ÿå­©å­é˜µç—›çš„çŠ¶æ€äº†,1.0,positive,neutral,0.5,positive,0.967
764,ç”µè§†å‰§è—æµ·ä¼ è¶…è¯ #è‚–æˆ˜çœŸçš„æœ‰åœ¨è®¤çœŸæ€è€ƒè¡¨æ¼”ç»†èŠ‚# #å¯¼æ¼”è¯´è‚–æˆ˜æ¼”å‡ºäº†è—æµ·çš„å…‹åˆ¶# #ï»¿è‚–æˆ˜è—æµ·#,1.0,positive,positive,0.8,positive,0.881
765,å¥½å¥½å¥½,0.693,positive,positive,0.85,positive,0.846
766,å¤„ç†ä¼¤å£ä¸Šè¯çš„æ—¶å€™è‚Œè‚‰çœŸçš„æŠ½åŠ¨äº†ä¸€ä¸‹ï¼Œæ€ä¹ˆåšåˆ°çš„,0.922,positive,neutral,0.5,positive,0.934
767,å¥½çš„,0.656,positive,neutral,0.55,positive,0.87
768,ä½ çš„é›¨é‡Œæ˜¯å“ªä¸ªå­£èŠ‚ï¼Ÿæ˜¥é›¨ä¸‹æ¥æ»‹æ¶¦å¤§åœ°ä¸‡ç‰©ç”Ÿï¼Œå¤å¤©èƒ½æ¶¦å¹²ç‡¥ï¼Œç§‹è¯´  ä¸€åœºç§‹é›¨ä¸€åœºå¯’ï¼Œå†¬  æœ€å‡‰è–„  ä¹Ÿè®¸æ˜¯ä¸ºä»¥ååŸ‹ä¸‹ä¼ç¬”ï¼,1.0,positive,neutral,0.5,positive,0.899
769,è¿™æ®µå½“æ—¶æˆ‘çœŸè§‰å¾—ä»–è¦å˜äº†ï¼Œç”Ÿæ€•ä»–çœŸå˜äº†æ¥ä¸‹æ¥æ€ä¹ˆæ¼”,0.911,positive,negative,0.25,positive,0.908
770,å›å¤ @é¡¾ç§‹å±¿ çš„è¡¨æ€:åˆé¤å¿«ä¹,0.989,positive,positive,0.75,positive,0.97
771,å›å¤ @é¡¾ç§‹å±¿_ çš„è¡¨æ€:åˆé¤å¿«ä¹å“ˆ,0.987,positive,positive,0.9,positive,0.965
772,#ç‹ä¼Ÿå¿ æ¨è—æµ·ä¼ # è‚–æˆ˜æ¼”æŠ€è¶…çº§å¥½,0.945,positive,positive,0.95,positive,0.911
773,è‚–æˆ˜è¶…è¯,0.81,positive,neutral,0.5,positive,0.83
774,èµ,0.918,positive,positive,0.85,positive,0.835
775,#è‚–æˆ˜è—æµ·ä¼ # // @å°çœ ç¾Šdaytoy :æ˜¯çš„ï¼Œå”ä¸‰æ‰“å¼€å°èˆçš„ç‰¢ç¬¼ï¼Œæ— å®ç‰©è¡¨æ¼”å·²ç»éå¸¸éå¸¸éœ‡æ’¼äº†// @å…¨é›·2åŒ… :æ— å®ç‰©è¡¨æ¼”æ˜¯è‚–æˆ˜å¤§å¼ºé¡¹ï¼ï¼ä»å”ä¸‰çš„æ— å®ç‰©è¢«ç”µå‡»è¢«ç«çƒ§é’ç­‹æš´èµ·å°±è¢«éœ‡æ’¼ï¼Œè—æµ·ä¼ è®©æ›´å¤šçš„è§‚ä¼—æœ‹å‹ä»¬çœ‹åˆ°è‚–æˆ˜ç‚«æ¼”æŠ€äº†ï¼å¼€å¿ƒå¼€å¿ƒğŸ¥³,1.0,positive,positive,0.98,positive,0.951
776,ä¸æ–­å†ç²¾é€²çš„æ¼”æŠ€ï¼Œè‚–æˆ˜åšåˆ°äº†,0.844,positive,positive,0.88,positive,0.973
777,èˆå°å‰§çš„å†ç‚¼æœ‰å¸®åŠ©åˆ°æˆ˜æˆ˜,0.709,positive,positive,0.65,positive,0.968
778,å“‡å¥½å¯çˆ±,0.879,positive,positive,0.9,positive,0.967
779,ä»–å“¦ç£¨ç£¨å”§å”§,0.24,negative,negative,0.1,negative,0.174
780,ä»–é»˜é»˜æ— é—»,0.667,positive,neutral,0.5,positive,0.947
781,ä¸‹é›¨å¤©ğŸŒ§ï¸,0.184,negative,neutral,0.5,negative,0.219
782,1,0.327,negative,neutral,0.5,negative,0.307
783,2,0.331,negative,neutral,0.5,negative,0.309
784,3,0.39,negative,neutral,0.5,negative,0.285
785,4,0.411,neutral,neutral,0.5,negative,0.252
786,5,0.459,neutral,neutral,0.5,neutral,0.499
787,å“‡,0.526,neutral,neutral,0.5,neutral,0.541
788,æ¢¨å‹å¦¹çº¸ç”¨äº†ä¸‰ä¸ªå¤šæœˆ~ç˜¦äº†20+è…¿ç»†äº†10cm,0.651,positive,positive,0.85,positive,0.914
789,å¯¹ä¸‹é›¨å¤©çœŸçš„æ˜¯åˆçˆ±åˆæ¨ï¼Œå–œæ¬¢å°é›¨æ»´ç­”æ»´ç­”çš„å£°éŸ³ï¼Œå¦‚æœæ˜¯åœ¨å®¶ï¼Œç¡è§‰çš„è¯çœŸçš„å¾ˆèˆ’æœã€‚å¤å¤©çš„é›¨ä¸ä¼šå¤ªå¤§å¤ªä¹…ï¼Œåˆšåˆšå¥½ã€‚ä½†æ˜¯åˆè®¨åŒåœ¨è·¯ä¸Šçªç„¶ä¸‹å¤§é›¨ï¼Œæ·‹æ¹¿ä¸€èº«,0.523,neutral,neutral,0.5,positive,0.9
790,#è‚–æˆ˜çœŸçš„æœ‰åœ¨è®¤çœŸæ€è€ƒè¡¨æ¼”ç»†èŠ‚#,0.973,positive,positive,0.75,positive,0.919
791,å¥½æ£’,0.875,positive,positive,0.95,positive,0.962
792,é…ªç™½ä½ ç»ˆäºå¥½äº†å—ï¼,0.625,positive,positive,0.65,positive,0.82
793,æ— å®ç‰©è¡¨æ¼”æ˜¯è‚–æˆ˜å¤§å¼ºé¡¹ï¼ï¼ä»å”ä¸‰çš„æ— å®ç‰©è¢«ç”µå‡»è¢«ç«çƒ§é’ç­‹æš´èµ·å°±è¢«éœ‡æ’¼ï¼Œè—æµ·ä¼ è®©æ›´å¤šçš„è§‚ä¼—æœ‹å‹ä»¬çœ‹åˆ°è‚–æˆ˜ç‚«æ¼”æŠ€äº†ï¼å¼€å¿ƒå¼€å¿ƒğŸ¥³,1.0,positive,positive,0.98,positive,0.977
794,1,0.327,negative,neutral,0.5,negative,0.307
795,ç»ˆäºä¸åƒå¾ˆå¤šå‰§é‡Œï¼Œä¸»è§’ä¸ç®¡è¢«æ…å¤šå°‘åˆ€ï¼Œéƒ½æ˜¯é¢ä¸æ”¹è‰²ï¼Œä¿æŒå¸…æ°”å½¢è±¡ã€‚è‚–æˆ˜åªä¸ºè§’è‰²æœåŠ¡ï¼Œä¸æ€•æ‰®ä¸‘,0.998,positive,positive,0.85,positive,0.974
796,10,0.352,negative,neutral,0.5,negative,0.254
797,11,0.275,negative,neutral,0.5,negative,0.257
798,12,0.329,negative,neutral,0.5,negative,0.252
799,13,0.408,neutral,neutral,0.5,negative,0.228
800,14,0.396,negative,neutral,0.5,negative,0.232
801,15,0.377,negative,neutral,0.5,negative,0.202
802,ç»†èŠ‚å¥½,0.883,positive,positive,0.85,positive,0.961
803,(ËµÂ¯Í’ã€°Â¯Í’Ëµ),0.5,neutral,positive,0.75,neutral,0.516
804,åŠ¨èµ·æ¥,0.447,neutral,neutral,0.5,neutral,0.543
805,ä¸€å®šä¼šå¥½å¥½çš„ æ‰€ä»¥éƒ½æ˜¯,0.619,positive,positive,0.7,positive,0.938
806,çŒ«å¥½  å¥½çŒ«çŒ«,0.897,positive,positive,0.9,positive,0.912
807,æˆ‘,0.526,neutral,neutral,0.5,neutral,0.545
808,#è‚–æˆ˜è—æµ·ä¼ #,0.511,neutral,neutral,0.5,negative,0.285
809,19,0.338,negative,neutral,0.5,negative,0.225
810,20,0.374,negative,neutral,0.5,negative,0.232
811,18,0.543,neutral,neutral,0.5,negative,0.224
812,17,0.421,neutral,neutral,0.5,negative,0.221
813,16,0.283,negative,neutral,0.5,negative,0.23
814,æŠŠä¼æ‰“èµ·æ¥ï¼Œé›¨ä¸­æ¼«æ­¥ä¹Ÿæ˜¯å¦ä¸€ç§é£å‘³ åŒä¸€ä¸ªä¸–ç•Œï¼Œä¸åŒçš„æ„Ÿå—è€Œå·²,0.997,positive,positive,0.65,positive,0.949
815,çŒ«,0.714,positive,neutral,0.5,neutral,0.507
816,è‚¯å®šæœ‰ç”¨ï¼Œä¹Ÿè‚¯å®šåºŸè…°ã€‚,0.818,positive,neutral,0.5,positive,0.947
817,æ¯æ¬¡å‡å®Œè‚¥ä¹‹åå°±å¼€å§‹æ”¾çºµè‡ªå·±äº†,0.672,positive,negative,0.3,positive,0.929
818,è¿™ä¸ªæˆ‘ä¹Ÿä¸æ‡‚å•Šï¼Œæˆ‘ä¹Ÿä¸æ‡‚æ€ä¹ˆå‡è‚¥,0.731,positive,neutral,0.5,positive,0.882
819,ç¡®å® å‡ é¡¿ä¸åƒä¸€é¡¿å°±åƒå›æ¥äº†,0.392,negative,negative,0.25,neutral,0.467
820,æœç„¶å‡è‚¥è¿˜çœŸæ˜¯ç‰¹åˆ«æœ‰å¿…è¦çš„,0.945,positive,positive,0.7,positive,0.959
821,å‡è‚¥ä¹‹åå°±å¥½çœ‹äº†ï¼ŒçœŸçš„ä¸æ˜¯éª—äºº,0.696,positive,positive,0.85,positive,0.955
822,æ€èƒ½å¯ä»¥é‚£ä¹ˆç¾å•Šï¼Œå‡è‚¥è¿˜æ˜¯æœ‰ç‚¹ç”¨,0.982,positive,positive,0.8,positive,0.969
823,å‡ä¸‹æ¥çš„é‚£ä¸€åˆ»çœŸçš„å¥½ç¾å•Š,0.983,positive,positive,0.9,positive,0.966
824,è¿˜å¾—æ˜¯å‡è‚¥ å¥½ç¾è™½ç„¶æœ‰æ—¶å€™æ§åˆ¶ä¸ä½è‡ªå·±,0.985,positive,positive,0.75,positive,0.975
825,å‡è‚¥ä¹‹åçœŸçš„æ˜¯è¶Šæ¥è¶Šæ¼‚äº®äº†,0.993,positive,positive,0.88,positive,0.963
826,æˆ‘æ„Ÿè§‰æ¯ä¸€ä¸ªå‡è‚¥æˆåŠŸçš„äººéƒ½å¾ˆå‰å®³,0.95,positive,positive,0.82,positive,0.967
827,ç˜¦ä¸‹æ¥äº†ä»¥åçœŸçš„å¤§ä¸ç›¸åŒ,0.877,positive,positive,0.7,positive,0.936
828,æˆ‘ä¹Ÿæƒ³è¦çŸ¥é“å•Šï¼Œæ„Ÿè§‰æ˜¯æœ‰ç‚¹ç»ç¾äº†,0.91,positive,positive,0.85,positive,0.962
829,æ²¡é”™äº†ï½å‡è‚¥æˆåŠŸç¬¬ä¸€æ­¥å°±æ˜¯å¿˜æœ¬,0.988,positive,negative,0.2,positive,0.941
830,æˆåŠŸä¹‹åå°±å¿˜æœ¬äº†å¼€å§‹èƒ¡åƒæµ·å–,0.489,neutral,negative,0.15,positive,0.802
831,æœç„¶å‡è‚¥å°±ç»™æ•´å®¹ä¸€æ · å¤ªå‰å®³äº†,0.417,neutral,positive,0.85,positive,0.89
832,å½“ä½ åŠªåŠ›ç˜¦ä¸‹æ¥çœŸçš„ä¼šä¸ä¸€æ ·,0.944,positive,positive,0.75,positive,0.96
833,æˆ‘ä½©æœæ¯ä¸€ä¸ªå‡è‚¥æˆåŠŸçš„äºº,0.974,positive,positive,0.88,positive,0.966
834,æˆ‘ä»110ç°åœ¨å‡åˆ°äº†130ï¼Œæˆ‘ä¹Ÿä¸çŸ¥é“ä¸ºä»€ä¹ˆè¶Šå‡è¶Šèƒ–,0.071,negative,negative,0.12,positive,0.804
835,å¯æ˜¯å‡è‚¥å®åœ¨æ˜¯å¤ªéš¾äº†ï¼Œæ€ä¹ˆåšæŒï¼Ÿ,0.579,neutral,negative,0.22,positive,0.924
836,ä½ è¿˜çœŸåˆ«è¯´ï¼Œè¶Šæ¥è¶Šå˜å¾—ç‰¹åˆ«æ¼‚äº®,0.94,positive,positive,0.9,positive,0.973
837,è¿™ä¹Ÿå¤ªèµäº†å§ï¼Œçœ‹æ¥æˆ‘ä¹Ÿè¦å‡è‚¥èµ·æ¥äº†,0.9,positive,positive,0.92,positive,0.954
838,ç˜¦æ˜¯çœŸçš„åšæŒä¸ä¸‹æ¥ç®¡ä¸ä½å˜´,0.8,positive,negative,0.15,positive,0.913
839,ä¸åŠªåŠ› ä½ æ€ä¹ˆçŸ¥é“è‡ªå·±æœ‰å¤šç¾å‘¢,0.833,positive,positive,0.8,positive,0.966
840,çœ‹äº†è¿™ä¸ªè§†é¢‘æ›´æœ‰å†³å¿ƒè¦å‡è‚¥äº†,0.99,positive,positive,0.85,positive,0.94
841,okæˆ‘ä¹Ÿè¦å‡è‚¥äº† ç˜¦ä¸‹æ¥çœŸçš„ä¸ä¸€æ ·,0.989,positive,positive,0.8,positive,0.948
842,è¿™å°±æ˜¯æˆ‘æƒ³è¦çš„æ ·å­å•Šã€‚ä¸€èµ·å‡è‚¥å§,0.946,positive,positive,0.85,positive,0.968
843,æˆ‘ä¹Ÿæ˜¯å‡è‚¥æˆåŠŸï¼Œæˆ‘ä¹Ÿå¿˜æœ¬,0.944,positive,negative,0.2,positive,0.948
844,ç˜¦ä¸‹æ¥ä¹‹åçœŸçš„æŠŠæˆ‘æƒŠè‰³åˆ°äº†,0.988,positive,positive,0.9,positive,0.96
845,äººç˜¦ä¸‹æ¥ä¹‹åæ•´ä¸ªæ°”åœºéƒ½ä¼šä¸åŒçš„,0.98,positive,positive,0.82,positive,0.942
846,åˆ«ç®¡äº†ï¼Œæˆ‘ç°åœ¨å°±è¦å¼€å§‹å‡è‚¥,0.909,positive,positive,0.78,positive,0.924
847,æ‰€ä»¥è¯´å‡è‚¥çš„æ—¶å€™ä¸€å®šè¦åšæŒä¸‹å»,0.852,positive,positive,0.72,positive,0.952
848,å‡è‚¥å°½å¤´ï¼Œå¹²é¥­é­‚è§‰é†’ï¼,0.86,positive,neutral,0.5,positive,0.959
849,å‡å®Œè‚¥çœŸçš„å¤ªæ¼‚äº®äº† äººè¿˜æ˜¯ä¸èƒ½èƒ–,0.65,positive,positive,0.92,positive,0.958
850,è¯´å¥½å‡è‚¥ï¼Œå´ç–¯ç‹‚ç‚«ç¾é£Ÿï¼,0.996,positive,negative,0.25,positive,0.971
851,å‡è‚¥è¶Šç‹ ï¼Œåƒå¾—è¶Šç¦»è°±ï¼,0.707,positive,negative,0.25,positive,0.917
852,æ‰€ä»¥å¿«å¿«è®©æˆ‘ç˜¦ä¸‹æ¥å§æˆ‘ä¹Ÿæƒ³å¿˜æœ¬,0.986,positive,positive,0.72,positive,0.961
853,æˆ‘æƒ³çŸ¥é“è¿™æ˜¯ä¸€ä¸ªäººå—,0.567,neutral,neutral,0.5,neutral,0.516
854,å‡è‚¥åˆ°æœ€åï¼Œå½»åº•å¿˜äº†åˆå¿ƒï¼,0.908,positive,negative,0.2,positive,0.967
855,æ„Ÿè§‰ç˜¦äº†ä»¥åå¥½åƒå˜äº†ä¸€ä¸ªäººä¼¼çš„,0.936,positive,positive,0.75,positive,0.913
856,ä¿¡èª“æ—¦æ—¦å»å‡è‚¥ï¼Œè½¬çœ¼â€œå¿˜æœ¬â€å¤§å¿«æœµé¢,0.999,positive,negative,0.23,positive,0.955
857,æ„Ÿè§‰ä¹Ÿæ²¡å‡å¤šå°‘æ–¤å•Šï¼Œä½†æ˜¯æ€ä¹ˆå˜åŒ–è¿™ä¹ˆå¤§,0.255,negative,positive,0.68,positive,0.889
858,å‘ç€ç˜¦èº«å‡ºå‘ï¼Œå´åœ¨ç¾é£Ÿé‡Œè¿·å¤±â€œå¿˜æœ¬â€,0.993,positive,negative,0.18,positive,0.969
859,åŠªåŠ›å…‹åˆ¶ä¸ºå‡è‚¥ï¼Œå¥ˆä½•è¿˜æ˜¯â€œå¿˜æœ¬â€åƒä¸åœ,0.82,positive,negative,0.21,positive,0.929
860,ç˜¦ä¸‹æ¥ä¹‹åä¹Ÿæ˜¯çœŸçš„é‡ç”Ÿäº†,0.973,positive,positive,0.92,positive,0.954
861,å‡è‚¥è®¡åˆ’å…¨è½ç©ºï¼Œæœ€ç»ˆéš¾é€ƒâ€œå¿˜æœ¬â€å‘½è¿,0.999,positive,negative,0.2,positive,0.955
862,æˆ‘ç»å¸¸å‡è‚¥çš„æ—¶å€™åŠè·¯å»åƒ,0.87,positive,neutral,0.5,positive,0.912
863,æœ¬æƒ³ç˜¦æˆä¸€é“å…‰ï¼Œå´åœ¨ç¾é£Ÿå‰â€œå¿˜æœ¬â€æŠ•é™,0.515,neutral,negative,0.25,positive,0.946
864,ç¾¡æ…•åˆ«äººå¯ä»¥é‰´åˆ«æˆåŠŸï¼Œæˆ‘æ°¸è¿œéƒ½å¤±è´¥,0.996,positive,negative,0.15,positive,0.949
865,æˆ‘æ²¡æœ‰è¿™ç§æ¯…åŠ›ï¼Œæ‰€ä»¥æˆ‘ä¸€è¾ˆå­éƒ½æ˜¯å¾®èƒ–ã€‚,0.745,positive,negative,0.3,positive,0.947
866,ä¸€è·¯å‡è‚¥ä¸€è·¯å¿˜ï¼Œæœ€åè¿˜æ˜¯è´¥ç»™å£è…¹ä¹‹æ¬²,0.991,positive,negative,0.22,positive,0.944
867,å‡è‚¥å¤§ä¸šåŠé€”åºŸï¼Œç¾é£Ÿè¯±æƒ‘è®©äººâ€œå¿˜æœ¬â€,0.998,positive,negative,0.23,positive,0.965
868,æ€ä¹ˆæ ·æ‰èƒ½åšæŒä¸‹æ¥å‘¢ï¼Ÿä¸ºä»€ä¹ˆæˆ‘æ²¡æœ‰æ¯…åŠ›ï¼Ÿ,0.363,negative,neutral,0.5,positive,0.843
869,ç™½å¤©æ‹¼å‘½çš„å‡ï¼Œæ™šä¸Šæ‹¼å‘½çš„åƒï¼Œæˆ‘å°±æ˜¯è¿™ç§äºº,0.422,neutral,neutral,0.5,positive,0.794
870,è¯´å¥½è‡ªå¾‹å»å‡è‚¥ï¼Œæœ€åè¿˜æ˜¯å‘ç¾é£ŸæŠ•é™â€œå¿˜æœ¬â€,0.969,positive,negative,0.24,positive,0.958
871,ç«‹å¿—ç˜¦èº«å´ç ´åŠŸï¼Œå‡è‚¥å°½å¤´åªå‰©é¦‹,0.964,positive,negative,0.15,positive,0.946
872,å‡è‚¥èª“è¨€æŠ›è„‘åï¼Œç¾é£Ÿå½“å‰ç»ˆâ€œå¿˜æœ¬â€,0.999,positive,negative,0.18,positive,0.964
873,å¸Œæœ›æˆ‘ä¹Ÿå¯ä»¥è¿™ä¹ˆç˜¦ï¼Œå¯ä»¥å˜æˆæœ€ä¸ä¸€æ ·çš„è‡ªå·±,0.904,positive,positive,0.75,positive,0.963
874,åŠªåŠ›æ˜¯æœ‰å›æŠ¥çš„ï¼Œæ¯ä¸ªäººéƒ½å¯ä»¥æˆå°±è‡ªå·±,0.97,positive,positive,0.85,positive,0.967
875,çœ‹äº†è¿™ä¸ªç”»é¢ï¼Œæˆ‘è§‰å¾—æˆ‘åº”è¯¥ä¸‹å®šå†³å¿ƒå‡è‚¥,0.988,positive,neutral,0.5,positive,0.967
876,å¦‚æœæˆ‘ç˜¦ä¸‹æ¥ä¸çŸ¥é“ä¼šä¸ä¼šä¹Ÿé‚£ä¹ˆå¥½çœ‹å‘¢,0.909,positive,neutral,0.55,positive,0.958
877,è½¬å‘å¾®åš,0.644,positive,neutral,0.5,positive,0.962
878,æŒ–å†°æ·‡æ·‹ä¹Ÿèƒ½è¾¾åˆ°åŒæ ·æ•ˆæœ,0.719,positive,neutral,0.5,positive,0.929
879,// @å…¨é›·2åŒ… :æ— å®ç‰©è¡¨æ¼”æ˜¯è‚–æˆ˜å¤§å¼ºé¡¹ï¼ï¼ä»å”ä¸‰çš„æ— å®ç‰©è¢«ç”µå‡»è¢«ç«çƒ§é’ç­‹æš´èµ·å°±è¢«éœ‡æ’¼ï¼Œè—æµ·ä¼ è®©æ›´å¤šçš„è§‚ä¼—æœ‹å‹ä»¬çœ‹åˆ°è‚–æˆ˜ç‚«æ¼”æŠ€äº†ï¼å¼€å¿ƒå¼€å¿ƒğŸ¥³,1.0,positive,positive,0.92,positive,0.977
880,è†ç›–åœ¨åœ°ä¸Šä¸ç–¼å—,0.051,negative,negative,0.25,positive,0.819
881,è¿™æ˜¯èœ•å˜äº†å—,0.818,positive,neutral,0.5,positive,0.814
882,ä½ èƒ½åšæŒå‡è‚¥å—ï¼Ÿ,0.909,positive,neutral,0.5,positive,0.916
883,ä¸ç“œ,0.5,neutral,neutral,0.5,neutral,0.517
884,âœŒ,0.5,neutral,positive,0.8,neutral,0.534
885,è½¬å‘å¾®åš,0.644,positive,neutral,0.5,positive,0.962
886,è‚–æˆ˜æ¼”æŠ€å†æ¬¡ç ´åœˆ,0.565,neutral,positive,0.85,positive,0.96
887,è·Ÿæˆ‘å¥½åƒï¼Œç¡®å®105æœ€ä½³çŠ¶æ€,0.766,positive,positive,0.75,positive,0.928
888,ï¼š,0.526,neutral,neutral,0.5,neutral,0.528
889,æ˜¯ä¸æ˜¯çœŸçš„æ…ä»–äº†ï¼Ÿï¼å½“ç„¶æ˜¯ä»–æ¼”çš„å¥½å•Šï¼Œå¾ˆçœŸå®ã€‚å°±åƒä¹‹å‰æ˜¥ç”Ÿè…¿å—ä¼¤åå¤å¥ï¼Œè§‚ä¼—è¯´è…¿ä¸ä¼šçœŸå¼„æ–­äº†å§ï¼Ÿæ—¶å½±å—åˆ‘ï¼Œè§‚ä¼—åˆæ€€ç–‘æ˜¯ä¸æ˜¯çœŸæ‰“ä»–äº†ã€‚è‚–æˆ˜æ— å®ç‰©è¡¨æ¼”çœŸçš„å¤ªç»äº†,1.0,positive,positive,0.9,positive,0.972
890,13,0.408,neutral,neutral,0.5,negative,0.228
891,è‚–æˆ˜çš„æ¯ä¸€ä¸ªè§’è‰²éƒ½ç”¨å¿ƒç¢ç£¨è¿‡ #è‚–æˆ˜çœŸçš„æœ‰åœ¨è®¤çœŸæ€è€ƒè¡¨æ¼”ç»†èŠ‚# #è‚–æˆ˜æ‹è—æµ·ä¼ å…¨èº«å¿ƒæŠ•å…¥#,0.998,positive,positive,0.92,positive,0.948
892,è§‚ä¼—èƒ½å…±æƒ…å°±æ˜¯å› ä¸ºååº”çœŸå®è·Ÿæ­£åœ¨å‘ç”Ÿä¸€æ · æ¼”å‘˜è‚–æˆ˜çµ,0.999,positive,positive,0.88,positive,0.978
893,è¶…çº§ç‰›å•Š,0.547,neutral,positive,0.95,positive,0.77
894,æœ±ä¸€é¾™ä¸œæå²›é˜¿èµ‘ #æœ±ä¸€é¾™ç”µå½±ä¸œæå²›# #ç”µå½±ä¸œæå²›æœ±ä¸€é¾™#,0.055,negative,neutral,0.5,negative,0.24
895,å•Š,0.526,neutral,neutral,0.5,neutral,0.529
896,å…¶å®ï¼Œæˆ‘ä¹Ÿå¾ˆå¥½å¥‡è‚–æˆ˜æ˜¯æ€ä¹ˆæ¼”çš„è¿™ä¹ˆåƒçš„ #è‚–æˆ˜è—æµ·ä¼ #,0.975,positive,positive,0.68,positive,0.834
897,6,0.39,negative,neutral,0.5,negative,0.233
898,å¹¸äºæˆ‘èƒ–ï¼Œæˆ‘è¦æ˜¯ç˜¦ä¸‹æ¥ï¼Œå¤§å®¶å°±çŸ¥é“åŸæ¥æ˜¯æˆ‘é•¿å¾—ä¸‘,0.644,positive,negative,0.25,positive,0.953
899,æˆ‘ä¹Ÿæ„¿æ„å›°åœ¨é›¨é‡Œ,0.699,positive,neutral,0.5,positive,0.927
900,ç¤¼è²Œæ‹¿å›¾ï¼Œè°¢è°¢åšä¸»,0.783,positive,positive,0.62,positive,0.969
901,2,0.331,negative,neutral,0.5,negative,0.309
902,ç®¡ä½å˜´è¿ˆå¼€è…¿,0.764,positive,neutral,0.5,positive,0.931
903,12,0.329,negative,neutral,0.5,negative,0.252
904,1,0.327,negative,neutral,0.5,negative,0.307
905,è‚–æˆ˜è¶…è¯ #è‚–æˆ˜çœŸçš„æœ‰åœ¨è®¤çœŸæ€è€ƒè¡¨æ¼”ç»†èŠ‚# #è‚–æˆ˜ç«¥å¹´ç»å†ä¸°å¯Œè¡¨æ¼”ç»†èŠ‚# #è‚–æˆ˜è‚Œè‚‰çº¿æ¡# #è‚–æˆ˜è¡¨æ¼”å®åŠ›# #è‚–æˆ˜ç”¨å®åŠ›è¯æ˜äº†è¡¨æ¼”ä¸Šçš„èœ•å˜#,1.0,positive,positive,0.95,positive,0.918
906,110 å¥½çœ‹,0.156,negative,positive,0.8,positive,0.936
907,5,0.459,neutral,neutral,0.5,neutral,0.499
908,ğŸ˜€,0.5,neutral,positive,0.9,neutral,0.534
909,è›‹ç™½æˆ‘ä»¬éƒ½å¾ˆæƒ³ä½  å¸Œæœ›ä½ å¹³å®‰å¥åº·,0.695,positive,positive,0.85,positive,0.972
910,1,0.327,negative,neutral,0.5,negative,0.307
911,0,0.034,negative,neutral,0.5,negative,0.279
912,1,0.327,negative,neutral,0.5,negative,0.307
913,å‘ä¼Ÿäººè‡´æ•¬,0.962,positive,positive,0.9,positive,0.981
914,å¥½çœ‹å¥½çœ‹ï¼Œæ‹¿èµ°äº†å“ˆ,0.762,positive,positive,0.85,positive,0.968
915,@å­¤å–®å¸UFO,0.969,positive,neutral,0.5,positive,0.927
916,è½¬å‘å¾®åš,0.644,positive,neutral,0.5,positive,0.962
917,è¿™çŸ«æƒ…åŠ²å„¿è·Ÿæˆ‘å½“å¹´åˆä¸­æ—¶å€™ä¸€æ ·ä¸€æ ·çš„,0.676,positive,negative,0.25,positive,0.957
918,#è‚–æˆ˜çœŸçš„æœ‰åœ¨è®¤çœŸæ€è€ƒè¡¨æ¼”ç»†èŠ‚# #è—æµ·ä¼ #,0.969,positive,positive,0.8,positive,0.845
919,#è‚–æˆ˜çœŸçš„æœ‰åœ¨è®¤çœŸæ€è€ƒè¡¨æ¼”ç»†èŠ‚#,0.973,positive,positive,0.8,positive,0.919
920,ç¤¼æ‹¿è€å¸ˆ,0.863,positive,neutral,0.5,positive,0.93
921,i,0.25,negative,neutral,0.5,negative,0.21
922,105æ–¤çš„æ—¶å€™æœ€å¥½çœ‹,0.258,negative,positive,0.85,positive,0.966
923,ç¤¼è²Œæ‹¿å›¾ä¸»æ’­,0.669,positive,neutral,0.5,positive,0.964
924,ä»–çš„å„ç§å—ä¼¤æˆåœ¨æˆ‘è¿™é‡Œéƒ½æ˜¯é«˜å…‰ï¼ï¼ï¼ï¼ï¼ï¼,0.576,neutral,positive,0.95,negative,0.187
925,2,0.331,negative,neutral,0.5,negative,0.309
926,è½¬å‘,0.5,neutral,neutral,0.5,positive,0.882
927,çœŸçš„æ˜¯è¢«åˆºä¸€åˆ€çš„ç—›è‹¦ï¼Œå°±å¦‚çœŸè¢«å¸ˆçˆ¶æ‰“ä¸€è€³å…‰ä¸€æ ·ï¼Œæ˜¯çœŸå®çš„ã€‚,0.717,positive,negative,0.15,positive,0.964
928,ğŸŒ»,0.5,neutral,neutral,0.5,neutral,0.534
929,å‡ºæ¥äº†,0.526,neutral,neutral,0.5,neutral,0.523
930,è€ç™½ æƒ³æ­»ä½ äº†,0.289,negative,positive,0.9,neutral,0.508
931,mark,0.75,positive,neutral,0.5,negative,0.192
932,@è¿‡å¹´æˆ‘è¦å›æ‘å–‚é¸¡ æˆ‘è¦æ‹è¿™ä¸ª,0.858,positive,neutral,0.5,positive,0.936
933,ä¸ç˜¦ä¹Ÿå¾ˆå¥½çœ‹,0.966,positive,positive,0.82,positive,0.967
934,ç°åœ¨å°æ—¥å­å¯¹æˆ‘ä»¬æ–½è¡Œçš„æ˜¯æ–°å‹ä¾µç•¥ï¼Œå…ˆä»å›½å†…å‡ºæ‰‹ï¼Œèƒ½æ–©æ‰å›½å†…çš„é‚£äº›æ—¥æœ¬å­¦æ ¡å’Œæ®ç‚¹å†è¯´å§ã€‚,0.996,positive,negative,0.12,positive,0.886
935,@ä¸å†çƒ¦æ¼å•¦,0.953,positive,neutral,0.5,positive,0.957
936,æ˜¯å›æ”¾å—,0.5,neutral,neutral,0.5,neutral,0.522
937,å¯å‰ææ˜¯è¿™ä¸ªå§å¦¹èƒ–çš„æ—¶å€™ä¹Ÿä¸éš¾çœ‹å•Š,0.672,positive,positive,0.73,positive,0.967
938,å¯æ˜¯æ€ä¹ˆæ„Ÿè§‰æ²§æ¡‘äº†å‘¢,0.686,positive,negative,0.3,positive,0.913
939,ç¾ä¸½çš„å¤§è‡ªç„¶ï¼Œå¤ªæ¼‚äº®äº†,0.992,positive,positive,0.96,positive,0.976
940,å¥½è‹¦å¥½è‹¦,0.091,negative,negative,0.08,positive,0.852
941,èŠ±å§æˆ‘å¥½å¿ƒç–¼ä½ ,0.661,positive,negative,0.2,positive,0.96
942,æ»¡åº§å‡æ…ˆæ‚²ï¼Œå¾å„¿é­‚ä¸å½’,0.992,positive,negative,0.08,positive,0.951
943,è¿™æ¡çœŸçš„å¤ªè™äº†æˆ‘çœŸæœ‰ç‚¹çœ‹ä¸äº†ã€‚ã€‚,0.527,neutral,negative,0.15,positive,0.8
944,èŠ±å•Šä¸‹æ¬¡ä¸€å®šä¸€å®šè¦å¹¸ç¦å•Š,0.915,positive,positive,0.85,positive,0.958
945,è‹¦æ¶©å¦‚æ­Œ,0.943,positive,negative,0.25,positive,0.934
946,è‹¦çš„æˆ‘éƒ½ä¸çŸ¥é“æ€ä¹ˆè¡¨è¾¾,0.502,neutral,negative,0.1,positive,0.797
947,å‘œå‘œå‘œå‘œå‘œå‘œå‘œå‘œå‘œå‘œå‘œ,0.526,neutral,negative,0.05,positive,0.831
948,å¤§è‡ªç„¶çš„ç¾æ™¯ï¼Œæ‰æ˜¯æœ€æœ€æ²»æ„ˆäººå¿ƒçš„,0.675,positive,positive,0.9,positive,0.978
949,ä¸ºå•¥æˆ‘ç˜¦äº†ä»¥åï¼Œæˆ‘æœ‹å‹è¯´æˆ‘æ²§æ¡‘äº†ï¼Ÿï¼Ÿ,0.151,negative,neutral,0.5,positive,0.79
950,è‹¦æ¶©å¦‚æ­Œ #ç™½é¹¿æé’æœˆ#,0.44,neutral,negative,0.25,negative,0.242
951,æˆ‘ä¸è¡Œäº† é¹¿è‡ªå·±éƒ½å–˜ä¸ä¸Šæ°”äº† ä»Šæ™šå¾—å“­æˆä»€ä¹ˆæ ·å­å•Š #ç™½é¹¿æé’æœˆ#,0.018,negative,negative,0.15,negative,0.246
952,æ˜¯èŠ±å¦‚æœˆï¼Œæ˜¯æ— å£°æ­Œï¼Œåªå‰©æ»¡ç›®ç–®ç—çš„ç—›åœ¨å¿ƒé‡Œï¼Œå’Œå¼ ä¸å¼€å˜´çš„ä¸ºä»€ä¹ˆä¸æ•‘åå®‰ï¼ï¼ï¼ #ç™½é¹¿æé’æœˆ#,0.323,negative,negative,0.1,negative,0.225
953,æ€ä¹ˆæ²¡è·Ÿæˆ‘è¯´ä¸´æ±Ÿä»™æ˜¯ç°å®ä¸»ä¹‰é¢˜æå•Š,0.281,negative,neutral,0.5,positive,0.788
954,è¦å¤šçœ‹å¤§è‡ªç„¶å•Š,0.828,positive,neutral,0.5,positive,0.971
955,æˆ‘å¥½åƒæœ‰ç‚¹æ­»äº†,0.24,negative,negative,0.2,neutral,0.475
956,å“­ä¸è¡Œäº†,0.433,neutral,negative,0.1,neutral,0.515
957,è¿™ä¸€å¹•å¹•ï¼Œè…¿å¦ˆç”šè‡³ä¸ä¼šåœ¨æ—è¾¹æ‰“æ‰°å¥¹ï¼ŒèŠ±å¦‚æœˆçš„ä¸–ç•Œé‡Œåªæœ‰è‡ªå·±ï¼Œé‚£æ—¶å¥¹è¿ä¸€ä¸ªæŒšå‹éƒ½æ²¡æœ‰ï¼Œå”¯ä¸€çš„894åˆä¸åœ¨ï¼Œæˆ‘åˆ€å‘¢ç»™æˆ‘ç£¨ç£¨ #ç™½é¹¿ä¸´æ±Ÿä»™# #ç™½é¹¿æé’æœˆ#,0.081,negative,negative,0.18,negative,0.217
958,æˆ‘çš„å¦ˆå‘€ï¼Œä½ ä»¬ç®€ç›´é…ä¹å¤©æ‰ğŸ™ #ç™½é¹¿ä¸´æ±Ÿä»™# ğŸ™ #ç™½é¹¿æé’æœˆ# ğŸ™ #ç™½é¹¿èŠ±å¦‚æœˆ#,0.0,negative,positive,0.9,negative,0.289
959,#ç™½é¹¿æé’æœˆ#,0.05,negative,neutral,0.5,negative,0.269
960,è¿™ä¹Ÿå¤ªå¥½çœ‹äº†å§,0.538,neutral,positive,0.85,positive,0.927
961,å—ä¸äº†äº† // @å…±æƒ…ä¸æ˜“ :è¿™æ¡çœŸçš„å¤ªè™äº†æˆ‘çœŸæœ‰ç‚¹çœ‹ä¸äº†ã€‚ã€‚,0.151,negative,negative,0.1,positive,0.92
962,åå®‰å’ŒèŠ±å¦‚æœˆ çœŸçš„æ°¸è¿œç•™åœ¨äº†é‚£ä¸ªå†¬å¤©ğŸ˜­ #ç™½é¹¿æé’æœˆ#,0.111,negative,negative,0.15,negative,0.242
963,æˆ‘å®¶èŠ±å„¿å™¢å‘½çœŸçš„å¥½è‹¦,0.614,positive,negative,0.08,positive,0.934
964,å•Šå•Šå•Šå•Šå•ŠèŠ±å¦‚æœˆå¦ˆå’ª,0.986,positive,neutral,0.5,positive,0.913
965,ä¸æ•¢çœ‹å®Œ,0.393,negative,negative,0.2,positive,0.844
966,éƒ½æ¥ç»™åå®‰æŠ¥ä»‡,0.295,negative,negative,0.05,positive,0.834
967,å¤šå»çœ‹çœ‹å¤§è‡ªç„¶çš„ç¾æ™¯,0.855,positive,positive,0.75,positive,0.972
968,ç²¾è‡´äº†ä½†ä¹Ÿè€äº†,0.855,positive,negative,0.35,positive,0.953
969,æ˜¯å¿ƒå‘å¾€ä¹‹çš„å¤§è‡ªç„¶,0.975,positive,positive,0.85,positive,0.977
970,@ä¸´æ¸ŠLuna_ å¥¹æ²¡å‡å‰ä¹Ÿå¥½å¥½çœ‹,0.8,positive,positive,0.8,positive,0.974
971,å¤§è‡ªç„¶çš„ç¾æ™¯ï¼Œèƒœè¿‡åƒè¨€ä¸‡è¯­,0.968,positive,positive,0.85,positive,0.976
972,å¤§è‡ªç„¶æ²»æ„ˆå¿ƒçµ,0.984,positive,positive,0.88,positive,0.978
973,å¤šçœ‹å¤§è‡ªç„¶ â€‹â€‹â€‹ï¼Œå¼€å¿ƒå¿«ä¹,0.995,positive,positive,0.92,positive,0.974
974,#ç™½é¹¿æ›¾èˆœæ™ä»Šæ™šé™ªçœ‹ä¸´æ±Ÿä»™# #èŠ±å¦‚æœˆçš„å±€ä¸­å±€éª—ä¸­éª—# #ä¸´æ±Ÿä»™# #ç™½é¹¿èŠ±å¦‚æœˆ#,0.0,negative,neutral,0.5,negative,0.273
975,æˆ‘è§‰å¾—å¼€å¤´æœ€æ¼‚äº®,0.968,positive,positive,0.75,positive,0.966
976,å¤§è‡ªç„¶çš„æ™¯è‰²ç§€ä¸½å¤ªæ²»æ„ˆäººå¿ƒäº†ã€‚,0.999,positive,positive,0.9,positive,0.976
977,é‚£æœ‰é‚£ä¹ˆå¤š å¤šæ—¶é—´,0.54,neutral,negative,0.32,neutral,0.51
978,å¤šçœ‹å¤§è‡ªç„¶ï¼Œå¤šæ¥è§¦å¤§è‡ªç„¶,0.972,positive,neutral,0.5,positive,0.972
979,#ç™½é¹¿æé’æœˆ# çœ‹åˆ°p4 æˆ‘å¿ƒæ­»äº†,0.055,negative,negative,0.1,negative,0.22
980,å›½ä»‡å®¶æ¨æ°¸ä¸èƒ½å¿˜ï¼,0.878,positive,neutral,0.5,positive,0.928
981,å¤ªè™äº†,0.702,positive,negative,0.1,positive,0.887
982,å¤§è‡ªç„¶é¬¼æ–§ç¥å·¥å•Š,0.924,positive,positive,0.9,positive,0.972
983,èƒ–çš„æ—¶å€™ä¹Ÿæ¼‚äº®,0.835,positive,positive,0.72,positive,0.971
984,ç¾æ™¯æ²»æ„ˆä¸€åˆ‡,0.832,positive,positive,0.88,positive,0.97
985,å¤šå»çœ‹çœ‹é£æ™¯ å¿ƒæƒ…éƒ½å¥½äº†,0.873,positive,positive,0.85,positive,0.944
986,18,0.543,neutral,neutral,0.5,negative,0.224
987,è¿™ä¸ªå‡æœŸå°±å»é˜¿å°”å‘æ–¯è½¬è½¬,0.93,positive,neutral,0.5,positive,0.896
988,æ…¢ä¸€ä¸‹æ¥çœ‹ä¸€è·¯çš„ç¾æ™¯,0.485,neutral,positive,0.75,positive,0.948
989,ç”Ÿæ´»å°±æ˜¯è¦äº²è¿‘å¤§è‡ªç„¶,0.992,positive,positive,0.8,positive,0.974
990,å¤šå»æ—…æ¸¸æ•£å¿ƒ å¼€æ‹“çœ¼ç•Œ,0.826,positive,positive,0.86,positive,0.968
991,å¤–é¢çš„ä¸–ç•Œå¾ˆç²¾å½© å¤šå»èµ°èµ°,0.967,positive,positive,0.85,positive,0.968
992,å¤šçœ‹çœ‹å¤§è‡ªç„¶å½“ç„¶å¥½å•¦,0.865,positive,positive,0.8,positive,0.971
993,å•Šå•Šå•Šæ€ä¹ˆè¿™ä¹ˆæ¼‚äº®çš„,0.96,positive,positive,0.9,positive,0.94
994,91,0.5,neutral,neutral,0.5,neutral,0.502
995,è¿™é£æ™¯ç®€ç›´ç¾æäº†å•Š,0.816,positive,positive,0.95,positive,0.945
996,è¯´å¾—å¥½ ï¼Œä¸äººç›¸å¤„å¤ªç´¯å•¦,0.812,positive,negative,0.25,positive,0.96
997,0,0.034,negative,neutral,0.5,negative,0.279
998,ä¼šä¸ä¼šæ˜¯ä»101èƒ–åˆ°125ï¼Œå€’åºæ”¾ç…§ç‰‡,0.337,negative,neutral,0.5,positive,0.887
999,å…¶å®å„æœ‰å„çš„ç¾,0.858,positive,positive,0.7,positive,0.969
1000,å¤ªç¾äº†ï¼Œå¥½åƒé»„å¤šå¤š,0.707,positive,positive,0.9,positive,0.965
