id,likeNum,commentsLen,reposts_count,region,content,contentLen,created_at,type,detailUrl,authorAvatar,authorName,authorDetail,isVip
5194908761065041,80,2,0,å‘å¸ƒäº å¹¿ä¸œ,ä¸€å‘¨ä¸€æ¬¡äº¤å‹ä¾¿åˆ©è´´ â€‹â€‹â€‹[å…¨åŠ›ä»¥èµ´]  â€‹,55,Fri Aug 01 19:03:48 +0800 2025,çƒ­é—¨,,"https://tvax1.sinaimg.cn/crop.0.0.512.512.50/005Nvnqjly8i35s1n75rpj30e80e8mxg.jpg?KID=imgbed,tva&Expires=1754401502&ssig=cJT77lwK4w",é¡¾æ€ç™,/u/5312182835,True
5181450395848222,37840,1623,3175,å‘å¸ƒäº å››å·,é›¨å¤©çš„é©¬è·¯ä¼šå˜æˆä¸€å¹…æ²¹ç”» â€‹,24,Wed Jun 25 15:45:04 +0800 2025,çƒ­é—¨,,"https://tvax2.sinaimg.cn/crop.0.0.1080.1080.50/792a0171ly8hhw0t7hmdbj20u00u00uy.jpg?KID=imgbed,tva&Expires=1754401502&ssig=ibsEjdzuvH",æå¯ä»¥Lily,/u/2032796017,True
5196138707419316,76,7,0,å‘å¸ƒäº å†…è’™å¤,é˜³å…‰å°„ç€å¥½èˆ’æœ â€‹â€‹â€‹[ç»™ä½ å°å¿ƒå¿ƒ]  â€‹,54,Tue Aug 05 04:31:10 +0800 2025,çƒ­é—¨,,"https://tvax2.sinaimg.cn/crop.0.0.1080.1080.50/008xGJefly8i0v5k3bficj30u00u1wls.jpg?KID=imgbed,tva&Expires=1754401502&ssig=4oDQnmxc9P",å¼ ç”œæ³,/u/7826865383,True
5193028595614988,3863,934,1417,N/A,ã€è½¬æ‰©ï¼#å¹³é™æ°´åŸŸè½æ°´è‡ªæ•‘è¿™æ ·åš#ã€‘#ä¸æ…è½å…¥æ°´åº“æ± å¡˜ç­‰è¿™å‡ æ‹›èƒ½ä¿å‘½#æ°´åº“ã€æ± å¡˜ç­‰å¹³é™æ°´åŸŸè½æ°´åˆ«æ…Œï¼Œå­¦ä¼šè¿™å‡ æ‹›èƒ½ä¿å‘½â†“â†“å¸Œæœ›ä½ ç”¨ä¸åˆ°ï¼Œä½†ä¸€å®šè¦çŸ¥é“ã€‚è½¬å­˜äº†è§£ï¼ï¼ˆä¸­å›½æ¶ˆé˜²ï¼‰ http://t.cn/A6FUSZTq â€‹,187,Sun Jul 27 14:32:42 +0800 2025,çƒ­é—¨,,"https://tvax4.sinaimg.cn/crop.0.0.1018.1018.50/0033ImPzly8h8vgemh8kxj60sa0sadgw02.jpg?KID=imgbed,tva&Expires=1754401502&ssig=dDI%2BlM%2FSJb",äººæ°‘æ—¥æŠ¥,/u/2803301701,True
5194492568669567,467,197,255,å‘å¸ƒäº æ±Ÿè‹,å±±ä¸è§æˆ‘ æˆ‘è‡ªå»è§å±± â€‹â€‹â€‹,26,Thu Jul 31 15:30:00 +0800 2025,çƒ­é—¨,,"https://tva3.sinaimg.cn/crop.0.0.180.180.50/8446b893jw1e8qgp5bmzyj2050050aa8.jpg?KID=imgbed,tva&Expires=1754401502&ssig=iZOzSZEyq%2B",å’±ä»¬å»æ—…æ¸¸,/u/2219227283,True
5194374289556850,1229,244,52,å‘å¸ƒäº æ²³åŒ—,å¥½æƒ³å†å»ä¸€æ¬¡ï¼Œåœ¨çº¿æ‰¾ä¸ªä¼´  â€‹,45,Thu Jul 31 07:40:00 +0800 2025,çƒ­é—¨,,"https://tvax4.sinaimg.cn/crop.0.0.1080.1080.50/84402586ly8i37ihpzu74j20u00u0dhf.jpg?KID=imgbed,tva&Expires=1754401502&ssig=2p9bES8yQX",å©‰å©‰ä¸æ™šia,/u/2218796422,False
5195227855848781,48,8,8,N/A,ã€#éŸ©å›½å°†å–æ¶ˆåŒ»ç¾æ¸¸å®¢é€€ç¨æ”¿ç­–#ã€‘#å»éŸ©å›½åŒ»ç¾å°†ä¸å†é€€ç¨#è¿‘å¹´æ¥ï¼ŒéŸ©å›½åŒ»ç¾æ·±å—å¤–å›½æ¸¸å®¢æ¬¢è¿ï¼Œå…¶ä¸­ä¸€ä¸ªé‡è¦åŸå› æ˜¯éƒ¨åˆ†é¡¹ç›®å¯ä»¥äº«å—10%çš„å¢å€¼ç¨é€€ç¨ã€‚ä¸è¿‡ï¼ŒéŸ©å›½æ”¿åºœæ—¥å‰å†³å®šï¼Œä»æ˜å¹´èµ·ï¼Œå°†å–æ¶ˆè¿™ä¸€é€€ç¨æ”¿ç­–ã€‚æ”¿ç­–è‡ª2016å¹´å®æ–½å¹¶å¤šæ¬¡å»¶é•¿ï¼Œæ—¨åœ¨å¸å¼•åŒ»ç¾æ¸¸å®¢ã€‚æ•°æ®æ˜¾ç¤ºï¼Œå»å¹´ç¾å®¹å’Œæ•´å®¹é¢†åŸŸçš„å¢å€¼ç¨é€€ç¨ â€‹,460,Sat Aug 02 16:11:46 +0800 2025,çƒ­é—¨,,"https://tvax4.sinaimg.cn/crop.0.0.799.799.50/002diGk7ly8h8vg36oqidj60m70m7mxs02.jpg?KID=imgbed,tva&Expires=1754401502&ssig=jCi2bvUamd",æ–°æµªæ–°é—»,/u/2028810631,True
5189479912442227,1224,157,6,å‘å¸ƒäº é‡åº†,å¥³ç”Ÿè¿‡äº†25å²ä»¥åæ˜¯ä¸æ˜¯å°±ä¸èƒ½è¿™æ ·ç©¿æ­äº† â€‹â€‹â€‹[ä¸¾æ‰‹] â€‹,51,Thu Jul 17 19:31:30 +0800 2025,çƒ­é—¨,,"https://tvax3.sinaimg.cn/crop.0.0.1080.1080.50/008eDcB0ly8i35m4ikia3j30u00u0dh0.jpg?KID=imgbed,tva&Expires=1754401502&ssig=L1bzJjayGo",æ¾é¥¼ç»µç»µæ˜Ÿ,/u/7545274574,True
5196336775301961,682,165,71,å‘å¸ƒäº é‡åº†,èµµéœ²æ€ç›´æ’­å“­äº†ï¼ï¼æˆ‘çœŸçš„å¿ƒç–¼è¿™ä¸ªå¥³å­©å­ã€‚ã€‚ã€‚ã€‚ã€‚[æ‚å˜´å“­] #èµµéœ²æ€ç›´æ’­å“­äº†# #èµµéœ²æ€çˆ¸çˆ¸å‰å¹´ç¡®è¯Šç™Œç—‡# http://t.cn/A6FnCKTB  â€‹,98,Tue Aug 05 17:38:13 +0800 2025,çƒ­é—¨,,"https://tvax3.sinaimg.cn/crop.0.0.914.914.50/006y3coPly8hy0y41p3q9j30pe0pewgs.jpg?KID=imgbed,tva&Expires=1754401502&ssig=HCNNfuoESQ",å”¯ä¸€çº¯ç™½çš„èŒ‰è‰èŠ±å„¿,/u/5999955067,True
5195136813760880,857,61,246,å‘å¸ƒäº é™•è¥¿,å…±äº§ä¸»ä¹‰å£çº¸ æˆ‘çˆ±ä½ ä¸­å›½ğŸ‡¨ğŸ‡³ â€‹,31,Sat Aug 02 10:10:00 +0800 2025,çƒ­é—¨,,"https://tvax3.sinaimg.cn/crop.0.0.828.828.50/006iJXKXly8ge7lyyj4g6j30n00n0ab6.jpg?KID=imgbed,tva&Expires=1754401502&ssig=bVUJ5LdJ75",æ¸…æ–°bot,/u/5773725507,True
5196033317673140,3372,3250,6215,N/A,ã€è½¬å‘æŠ½50å¼ ç”µå½±ç¥¨ï¼#äººæ°‘æ—¥æŠ¥ä¸“è®¿æµªæµªå±±å°å¦–æ€ªä¸»åˆ›#ï¼šåŸæ¥è¿™æ˜¯ä¸ªç°å®ä¸»ä¹‰æ•…äº‹ã€‘#ä»ä¸­å›½å¥‡è°­åˆ°æµªæµªå±±å°å¦–æ€ª# è¿˜è®°å¾—é‚£åªâ€œå¯„æ‰˜ç€å…¨å®¶äººå¸Œæœ›â€çš„å°çŒªå¦–å—ï¼Ÿç”µå½±ã€Šæµªæµªå±±å°å¦–æ€ªã€‹æ­£åœ¨çƒ­æ˜ ã€‚æ›¾è¢«å…±æƒ…çš„å°çŒªå¦–ï¼Œæœ‰å“ªäº›æˆé•¿å˜åŒ–ï¼Ÿç”µå½±èƒŒåå¯„æ‰˜äº†å“ªäº›æ–°çš„æ€è€ƒä¸è¡¨è¾¾ï¼Ÿè¯¦æˆ³â†“â†“â†“è½¬å‘æœ¬æ¡å¾®åšï¼ŒæŠ½50ä½ â€‹,348,Mon Aug 04 21:32:23 +0800 2025,çƒ­é—¨,,"https://tvax4.sinaimg.cn/crop.0.0.1018.1018.50/0033ImPzly8h8vgemh8kxj60sa0sadgw02.jpg?KID=imgbed,tva&Expires=1754401505&ssig=N4PgyKdfdS",äººæ°‘æ—¥æŠ¥,/u/2803301701,True
5196309369192950,9,7,1,å‘å¸ƒäº å¹¿ä¸œ,å†è¯´ä¸€æ¬¡ä¸è¦è°ˆå¼‚åœ°æ‹ï¼Œåƒä¸é¥±çš„ï¼  â€‹,52,Tue Aug 05 15:49:19 +0800 2025,çƒ­é—¨,,"https://tvax1.sinaimg.cn/crop.0.0.1080.1080.50/d069e80ely8i3sjjs77emj20u00u0abp.jpg?KID=imgbed,tva&Expires=1754401505&ssig=L2l13z9FMO",å°å°çŒ«å’ªé…±_,/u/3496601614,True
5193867871649833,165,8,3,å‘å¸ƒäº æ¹–å—,å’–å•¡å–èµ·æ¥ï¼ â€‹,12,Tue Jul 29 22:07:40 +0800 2025,çƒ­é—¨,,"https://tvax2.sinaimg.cn/crop.0.0.1080.1080.50/0071HJT5ly8hqc5gw98a9j30u00u0gq4.jpg?KID=imgbed,tva&Expires=1754401505&ssig=J75xqVFLmi",Iike_å‘¨æ°ä¼¦,/u/6438130659,True
5196326207751521,81,25,10,N/A,ã€ç›´æ’­ï¼š#å¹¿ä¸œå¤§éƒ¨é­é‡å¼ºé™é›¨# è‚‡åº†ç­‰å¤šåœ°æ•‘æ´è¿›è¡Œä¸­ã€‘å¹¿ä¸œçœæ°´åˆ©å…æ°´æ—±ç¾å®³é˜²å¾¡é¢†å¯¼å°ç»„äº8æœˆ5æ—¥8æ—¶å°†æ°´åˆ©é˜²æ±›â…¢çº§åº”æ€¥å“åº”æå‡è‡³â…¡çº§ã€‚è¿‡å»24å°æ—¶ï¼Œå¹¿ä¸œå…¨çœæœ‰56ä¸ªå¿ï¼ˆå¸‚ã€åŒºï¼‰å‡ºç°å¤§æš´é›¨å¤©æ°”ï¼Œé¢„æŠ¥æœªæ¥å‡ å¤©é™é›¨è¿˜å°†æŒç»­ã€‚å¹¿ä¸œæƒ å·ã€ä¸œèã€è‚‡åº†ç­‰å¸‚éƒ¨åˆ†åŒºåŸŸå‘ç”Ÿæ°´æµ¸ï¼Œå½“åœ°æ¶ˆé˜²æ•‘æ´äººå‘˜ç´§æ€¥å‡ºåŠ¨ï¼Œè½¬ç§» â€‹,352,Tue Aug 05 16:56:14 +0800 2025,çƒ­é—¨,,"https://tvax2.sinaimg.cn/crop.58.61.875.875.50/001R0E0aly8h8vg6xx3srj60rs0rsdko02.jpg?KID=imgbed,tva&Expires=1754401505&ssig=UA2mdoKGS2",æ–°åç¤¾,/u/1699432410,True
5192306828511336,137,1,1,å‘å¸ƒäº æ±Ÿè¥¿,æ—¥å¸¸ â€‹â€‹â€‹[å–µå–µ] â€‹,17,Fri Jul 25 14:44:39 +0800 2025,çƒ­é—¨,,"https://tvax1.sinaimg.cn/crop.0.0.512.512.50/696f99a1ly8hvcgo45nnhj20e80e80th.jpg?KID=imgbed,tva&Expires=1754401505&ssig=NHedOmfXG0",å©‰å°å¿ƒmi,/u/1768921505,True
5188016226439255,16671,758,1225,å‘å¸ƒäº æµ™æ±Ÿ,â€œäººç±»ä¸ºä½•å¦‚æ­¤è¿·æ‹å¤å­£â€ â€‹,24,Sun Jul 13 18:35:20 +0800 2025,çƒ­é—¨,,"https://tvax3.sinaimg.cn/crop.0.0.828.828.50/006pZEcEly8gct9a1jbw6j30n00n0jsm.jpg?KID=imgbed,tva&Expires=1754401505&ssig=fu%2B%2FJWuuJk",æ˜Ÿæ˜Ÿè´©å–æ‰€,/u/5880897944,True
5196334711702203,126,22,1,å‘å¸ƒäº æµ™æ±Ÿ,#Skyå…‰é‡##å…‰é‡å…­å‘¨å¹´ç¾¤æ˜Ÿç››å…¸# ä¸çƒ­çˆ±çš„è§’è‰²å…±åº¦å‘¨æœ« è®°å½•å¹¶è‚©çš„æ¬¢ä¹ç¬é—´ æ˜Ÿæ˜Ÿç½ç¥ç¦æ”¶é›†ing ç›¸èšçš„å›å¿†æ°¸è¿œé—ªé—ªå‘å…‰  ğŸŒŸ ã€Šå…‰Â·é‡ã€‹å…­å‘¨å¹´ç¾¤æ˜Ÿç››å…¸çº¿ä¸‹æ´»åŠ¨è¿›è¡Œä¸­ å¿«æ¥åˆ†äº«è¿™ä»½æ»¡æº¢çš„å¿«ä¹ï¼ ä¸‹ä¸ªå‘¨æœ«ç»§ç»­ä¸€èµ·ä¹¦å†™å‘¨å¹´æ•…äº‹å§~ #skyå…‰é‡[è¶…è¯]# http://t.cn/A6FnSx58 â€‹,248,Tue Aug 05 17:30:01 +0800 2025,çƒ­é—¨,,"https://tvax1.sinaimg.cn/crop.0.0.512.512.50/006W8ZMely8h8vd2kph7sj30e80e8jtf.jpg?KID=imgbed,tva&Expires=1754401505&ssig=rGzcOSylL2",å…‰é‡æ‰‹æ¸¸,/u/6355968578,True
5195164588442579,20,13,1,å‘å¸ƒäº å¹¿ä¸œ,çœŸä¸æ•¢æƒ³è±¡å¼‚åœ°æ‹çš„ç”·æœ‹å‹æœ‰å¤šå¹¸ç¦ [å¥¥ç‰¹æ›¼]  â€‹,62,Sat Aug 02 12:00:22 +0800 2025,çƒ­é—¨,,"https://tvax2.sinaimg.cn/crop.0.0.512.512.50/af74ab17ly8i3yj76031jj20e80e8dg8.jpg?KID=imgbed,tva&Expires=1754401505&ssig=cZtNfXICQi",æˆ‘æ˜¯GODç¥_188,/u/2943658775,True
5196009728378760,85,22,17,N/A,èˆŸè‰‡é›†è®­ï¼Œé”»é€ æ°´ä¸Šæ•‘æ´å°–å…µï¼ˆæ­¦è­¦ç¬¬äºŒæœºåŠ¨æ€»é˜Ÿ é¾™åŠ›ã€æ½˜é«˜å³°ã€å­Ÿä»¤ç…§ï¼›ç¼–è¾‘ï¼šè°¢ä¸¾æˆï¼‰ http://t.cn/A6FQyXWs â€‹,102,Mon Aug 04 19:58:39 +0800 2025,çƒ­é—¨,,"https://tvax2.sinaimg.cn/crop.5.3.629.629.50/0080qsm2ly8h8w867kwztj30hs0hs0uj.jpg?KID=imgbed,tva&Expires=1754401505&ssig=xKQgDd0nRY",ä¸­å›½æ­¦è­¦,/u/7335368182,True
5193885317595613,583,108,5,å‘å¸ƒäº å¹¿ä¸œ,æœ‰ç‚¹å–œæ¬¢è¿™å¼  â€‹,12,Tue Jul 29 23:17:00 +0800 2025,çƒ­é—¨,,"https://tvax2.sinaimg.cn/crop.0.0.1080.1080.50/008sJSifly8hj0rro4gzsj30u00u1acq.jpg?KID=imgbed,tva&Expires=1754401505&ssig=GJNb7rJwuA",è€¶å­å†°èŒ¶,/u/7753733531,True
5194932034999378,540,57,5,å‘å¸ƒäº å››å·,å¯ä»¥å¼€å§‹å«è€å…¬äº† â€‹,16,Fri Aug 01 20:36:17 +0800 2025,çƒ­é—¨,,"https://tvax3.sinaimg.cn/crop.0.0.512.512.50/006m0IUbly8i1apm1vel1j30e80e83ys.jpg?KID=imgbed,tva&Expires=1754401507&ssig=YnPawk7IiO",ç”µé¥­è€å¸ˆ,/u/5822049003,False
5188310731587704,2868,574,60,å‘å¸ƒäº æ¹–å—,æ— æ„ä¸­æŠŠç©ºè°ƒé¥æ§å™¨æ‘”äº†â€¦æ‰å‘ç°åˆ«æœ‰æ´å¤© â€‹,38,Mon Jul 14 14:05:34 +0800 2025,çƒ­é—¨,,"https://tvax2.sinaimg.cn/crop.0.0.828.828.50/008fTGGxly8i435fvbt3ej30n00n00ty.jpg?KID=imgbed,tva&Expires=1754401507&ssig=ghxXKu8zpG",ä¸–æ°¸ä¸€,/u/7563979821,True
5196287305843922,8,3,0,å‘å¸ƒäº å¹¿è¥¿,è¡¨å¼Ÿæ¯å¤©è¿‡è¿™æ ·çš„ç”Ÿæ´»ï¼Œæ˜¯ä¸æ˜¯åºŸäº† â€‹ â€‹â€‹â€‹,42,Tue Aug 05 14:21:39 +0800 2025,çƒ­é—¨,,"https://tvax4.sinaimg.cn/crop.0.0.1080.1080.50/007nIzOaly8i42quzx8gpj30u00u0q58.jpg?KID=imgbed,tva&Expires=1754401507&ssig=aP%2FiouOc97",æ®’å†¬å»,/u/6763409634,True
5192441122785968,595,270,27,å‘å¸ƒäº æ¹–å—,å·®ç‚¹çœ‹é”™äº†  ~~~~~~  â€‹â€‹â€‹ http://t.cn/A6Fwfckn â€‹,47,Fri Jul 25 23:38:17 +0800 2025,çƒ­é—¨,,"https://tvax3.sinaimg.cn/crop.0.0.812.812.50/0083AjBvly8i34r00m99jj30mk0mkdh8.jpg?KID=imgbed,tva&Expires=1754401507&ssig=S4bsbf6z0e",å¿ƒç»ª,/u/7382046833,True
5193581540672369,167,69,3,å‘å¸ƒäº å†…è’™å¤,ä¸¤å¤©æ²¡æ´—æ¾¡äº†æ„Ÿè§‰ä¸€è‚¡å¥¶é¦™å‘³~  â€‹â€‹â€‹[å°å¤«å¾®ç¬‘] â€‹,45,Tue Jul 29 03:09:54 +0800 2025,çƒ­é—¨,,"https://tvax4.sinaimg.cn/crop.0.0.512.512.50/008syE0nly8i30btcfa4vj30e80e8weo.jpg?KID=imgbed,tva&Expires=1754401507&ssig=h7MCAIOyW%2B",éƒ‘èŒ—ç–_,/u/7751056999,True
5192060485501920,1420,50,5,å‘å¸ƒäº æ²³å—,å¸®çˆ·çˆ·æŸ¥è¯è´¹æ—¶çœ‹åˆ°çš„çŸ­ä¿¡ â€‹â€‹â€‹,31,Thu Jul 24 22:25:46 +0800 2025,çƒ­é—¨,,"https://tvax2.sinaimg.cn/crop.0.0.1080.1080.50/008eypwWly8i3ty48rr9yj30u00u177t.jpg?KID=imgbed,tva&Expires=1754401507&ssig=Wn%2BAKRAw%2Fr",æ“ç† ,/u/7544132654,True
5192285117743765,4353,273,169,å‘å¸ƒäº å¤©æ´¥,æˆ‘ä¹Ÿæ˜¯ç¬¬ä¸€æ¬¡çŸ¥é“è€ç…§ç‰‡æ˜¯è¿™ä¹ˆæ´—å‡ºæ¥çš„ã€‚ http://t.cn/A6FzJctU â€‹,59,Fri Jul 25 13:18:23 +0800 2025,çƒ­é—¨,,"https://tvax2.sinaimg.cn/crop.0.0.1080.1080.50/959fcc2dly8i14jf2eoqej20u00u0abr.jpg?KID=imgbed,tva&Expires=1754401507&ssig=H0qkBkIBRs",åˆ˜ä½³æ¬¢-Tonicek,/u/2510277677,True
5188316149842462,1446,208,9,å‘å¸ƒäº è´µå·,æœäº†ã€‚ â€‹,6,Mon Jul 14 14:27:07 +0800 2025,çƒ­é—¨,,"https://tvax1.sinaimg.cn/crop.0.0.512.512.50/006dIAaZly8i39yx2bgekj30e80e8gme.jpg?KID=imgbed,tva&Expires=1754401507&ssig=aiYvm2%2FCbc",CHJin-24,/u/5699514857,False
5194071045047203,363,54,22,å‘å¸ƒäº å®‰å¾½,æ²™å­é‡ŒçœŸæœ‰è¿™ä¹ˆå¤šé“å—ï¼Ÿè¯¥ä¸ä¼šæ˜¯è‡ªå·±æ”¾è¿›å»çš„å§#å†·çŸ¥è¯†ç™¾ç§‘# http://t.cn/A6FMl4kY  â€‹,56,Wed Jul 30 11:35:01 +0800 2025,çƒ­é—¨,,"https://tvax3.sinaimg.cn/crop.0.0.750.750.50/831edc10ly8gdikhuthexj20ku0kugml.jpg?KID=imgbed,tva&Expires=1754401507&ssig=U8NIoDEzE5",åˆ¶é€ -åŸç†,/u/2199837712,True
5187885566788133,75,21,1,å‘å¸ƒäº å®‰å¾½,ä¸€å¤§æ—©å¥èº«æˆ¿äººå°±è¿™ä¹ˆå¤š[æ‘Šæ‰‹] â€‹,28,Sun Jul 13 09:56:08 +0800 2025,çƒ­é—¨,,"https://tvax4.sinaimg.cn/crop.0.0.512.512.50/007aM2qHly8h8css1y4zgj30e80e8t9p.jpg?KID=imgbed,tva&Expires=1754401507&ssig=NRKEYPwNbl",æ‘†çƒ‚å°çŒ«ovo,/u/6572142271,False
5196350769601621,1,2,0,N/A,coming back â€‹,0,Tue Aug 05 18:33:50 +0800 2025,å®æ—¶,,"https://tvax4.sinaimg.cn/crop.0.0.1080.1080.50/007WCjhvly8i2ss5z6qhgj30u00u0tbm.jpg?KID=imgbed,tva&Expires=1754401510&ssig=eqqZbntBzd",è®²ä¸è®²åºŸè¯,/u/7279087897,False
5196341157826634,3,0,0,N/A,ä¸‹è¿‡é›¨çš„å¤å¤©å‚æ™šæˆ‘éƒ½å¾ˆæœŸå¾…ğŸŒ¦ï¸ğŸŒ¦ï¸ #OOTD[è¶…è¯]# â€‹,0,Tue Aug 05 17:55:38 +0800 2025,å®æ—¶,,"https://tvax3.sinaimg.cn/crop.0.0.750.750.50/a087faccly8fgqy212ajjj20ku0kuabm.jpg?KID=imgbed,tva&Expires=1754401510&ssig=5tp%2BhRhojP",AuroraOoOo_,/u/2693266124,False
5196353291683246,1,0,0,N/A,åˆ†äº«æ–°é²œäº‹ â€‹,0,Tue Aug 05 18:43:51 +0800 2025,å®æ—¶,,"https://tvax3.sinaimg.cn/crop.0.0.1080.1080.50/6967b8d7ly8hny6f4sohkj20u00u0aga.jpg?KID=imgbed,tva&Expires=1754401510&ssig=quKmb9KOoC",äº‘äº‘ä¸­oo,/u/1768405207,False
5196293477501100,10,3,1,N/A,çœ‹è·èŠ±ğŸª·çœ‹å°é±¼ğŸŸ çœ‹å°é¸­ğŸ¤ ä¹˜å°èˆ¹ ğŸš¤æ¸¸è¥¿æ¹– â€‹,0,Tue Aug 05 14:46:10 +0800 2025,å®æ—¶,,"https://tvax3.sinaimg.cn/crop.0.0.751.751.50/e10597b5ly8gd796d6zs0j20kv0kvq4e.jpg?KID=imgbed,tva&Expires=1754401510&ssig=DjZ6%2FrMhnV",å°è›™è›™å‘±å‘±å‘±,/u/3775240117,False
5196334438023479,8,2,0,N/A,OOTD  â€‹,0,Tue Aug 05 17:28:55 +0800 2025,å®æ—¶,,"https://tvax1.sinaimg.cn/crop.0.0.1080.1080.50/006K5OVUly8ht2j2hekxxj30u00u00u2.jpg?KID=imgbed,tva&Expires=1754401510&ssig=4ME3uLL8kz",ç›¸æ€èµ‹äºˆå¿,/u/6177895878,False
5196284471281380,1,0,0,N/A,ç¥è¿å±±å¤§è‰åŸå’Œå®ƒçš„å°åŠ¨ç‰©ä»¬â€¦  â€‹,0,Tue Aug 05 14:10:23 +0800 2025,å®æ—¶,,"https://tvax4.sinaimg.cn/crop.10.0.492.492.50/7ff1b457ly8fjzpy7o33rj20e80do74t.jpg?KID=imgbed,tva&Expires=1754401510&ssig=Ux41OWkAtY",Sissiç‹,/u/2146546775,False
5196351245652289,4,0,0,N/A,æ¸…è¿ˆä½ ç¾å¾—ä»¤æˆ‘å¤±è¯­ â€‹,0,Tue Aug 05 18:35:43 +0800 2025,å®æ—¶,,"https://tvax2.sinaimg.cn/crop.0.0.736.736.50/006IISgaly8hqur80ivvjj30kg0kgwff.jpg?KID=imgbed,tva&Expires=1754401510&ssig=COONS1ZlCO",-è’é‡åˆ°æµ·é‚Š-,/u/6157650786,False
5196337842751001,1,0,0,N/A,é’æµ·çœåšç‰©é¦† ç©¿è¶Šåƒå¹´çš„é«˜åŸæ–‡æ˜ä¹‹æ—…  â€‹,0,Tue Aug 05 17:42:28 +0800 2025,å®æ—¶,,"https://tvax4.sinaimg.cn/crop.10.0.492.492.50/7ff1b457ly8fjzpy7o33rj20e80do74t.jpg?KID=imgbed,tva&Expires=1754401510&ssig=Ux41OWkAtY",Sissiç‹,/u/2146546775,False
5196353174503810,1,0,0,N/A,æˆ‘åœ¨æ¾³æ´²åƒäº†ä¸€äº›ã€‚ æƒ³å’Œä½ åˆ†äº«ä¸€ä¸‹ï½ â€‹,0,Tue Aug 05 18:43:22 +0800 2025,å®æ—¶,,"https://tvax4.sinaimg.cn/crop.0.0.1080.1080.50/006y8R7vly8i3qax0tp85j30u00u0mzk.jpg?KID=imgbed,tva&Expires=1754401510&ssig=adLdgfW4bz",LOOSE_yu,/u/6001303237,False
5196348481863900,2,2,0,N/A,é è‡ªå·±æ˜¯æ²¡ç”¨çš„ï¼Œè¿˜å¾—æ˜¯è€å¤©ä¿ä½‘[ä½ å¥½] â€‹,0,Tue Aug 05 18:24:43 +0800 2025,å®æ—¶,,"https://tvax1.sinaimg.cn/crop.0.0.1080.1080.50/0063XGG0ly8hlqjlyfdenj30u00u0tbr.jpg?KID=imgbed,tva&Expires=1754401510&ssig=FFJeKjYOov",ä»Šå¤©ä¹Ÿä¸åƒé’æ¤’_,/u/5555351404,False
5196350488844689,0,1,0,N/A,å…³äºæˆ‘åŒäº‹åŠä¸ªæœˆå‰ç»™äº†æˆ‘ä¸€è¢‹æ–°ç–†å¤§çº¢æ£  åˆ°ç°åœ¨éƒ½æ²¡åŠ¨  æ˜¯å› ä¸ºä¸å¥½æ´—å¹²å‡€è¿™ä»¶äº‹[å…æ‚²]å“ˆå“ˆå“ˆå“ˆå“ˆ â€‹,0,Tue Aug 05 18:32:43 +0800 2025,å®æ—¶,,"https://tvax3.sinaimg.cn/crop.0.0.1080.1080.50/c5c16292ly8hv721htlk6j20u00u0tbr.jpg?KID=imgbed,tva&Expires=1754401510&ssig=4KmxITb4oJ",é…·çš„æ²¡è¾¹å„¿äº†çš„ç¾™å°å¥³_w,/u/3317785234,False
5196350645600622,3,1,0,N/A,å“‡å¡å“‡å¡ ç¢³æ°´çˆ†ç‚¸  å®‰ä»”åŒ…å¥½åƒ æˆ‘çš„è‡ªåˆ¶æ±‰å ¡æ›´å¥½åƒ[å¹²é¥­äºº][å¹²é¥­äºº][æ‰‹æŒ‡æ¯”å¿ƒ] â€‹,0,Tue Aug 05 18:33:19 +0800 2025,å®æ—¶,,"https://tvax4.sinaimg.cn/crop.0.0.512.512.50/006biGTNly8huhj00x54hj30e80e83yw.jpg?KID=imgbed,tva&Expires=1754401513&ssig=4SPabk10Pz",Mo_yng,/u/5663791499,False
5196343620404918,7,0,0,N/A,o-O â€‹,0,Tue Aug 05 18:05:25 +0800 2025,å®æ—¶,,"https://tvax4.sinaimg.cn/crop.0.0.364.364.50/006KkFjlly8i2ofubukvtj30a40a43yn.jpg?KID=imgbed,tva&Expires=1754401513&ssig=cNAuRWjok7",ä¸–ç•Œå¤ªéç³Ÿç³•æˆ‘æƒ³ä¹Ÿæ˜¯,/u/6181433811,False
5196352470385549,0,1,0,N/A,ç»ˆäºæŠ±åˆ°äº†æˆ‘å¿ƒå¿ƒå¿µå¿µçš„çŒ´é¢åŒ…æ ‘å‘€ï¼[é€èŠ±èŠ±]  â€‹,0,Tue Aug 05 18:40:35 +0800 2025,å®æ—¶,,"https://tvax3.sinaimg.cn/crop.0.0.512.512.50/8ba8c6b7ly8fwq6vyqb97j20e80e8t9p.jpg?KID=imgbed,tva&Expires=1754401513&ssig=6pwv1qu9gm",ä¸€æ¡ä¸äºŒ,/u/2343093943,False
5196308514344984,3,0,0,N/A,é—ªç°å¤§æ˜æ¹–ğŸƒæ•…åœ°é‡æ¸¸ï¼Œè¿™ç§å¤©æ°”çœŸä¸é€‚åˆé€›å…¬å›­ï¼Œçƒ­åˆ°å†’çƒŸ[äºŒå“ˆ][äºŒå“ˆ]  â€‹â€‹â€‹,0,Tue Aug 05 15:45:55 +0800 2025,å®æ—¶,,"https://tvax2.sinaimg.cn/crop.0.0.1024.1024.50/de52ac56ly8hyuu6m7emcj20sg0sg41s.jpg?KID=imgbed,tva&Expires=1754401513&ssig=vN7nsc2X0v",è‡ªç”±è¡Œèµ°çš„èŠ±èŠ±678,/u/3729960022,False
5196335188804505,7,2,1,N/A,ä¸ƒæœˆ[å¹é£è½¦] â€‹,0,Tue Aug 05 17:31:55 +0800 2025,å®æ—¶,,"https://tvax3.sinaimg.cn/crop.0.0.1080.1080.50/7503cdfdly8hvppljskb0j20u00u0jws.jpg?KID=imgbed,tva&Expires=1754401513&ssig=X%2FCTIeZt5A",ç»™æˆ‘äº¿å¼ åˆ®åˆ®ä¹,/u/1963183613,False
5196346439243078,5,2,0,N/A,#åˆ©è½cp[è¶…è¯]#  â€œæœ•å‘ï¼Œè¿˜å°±æ˜¯å–œæ¬¢åœ¨è¿™å¿ƒçˆ±çš„ä¸œè¥¿ä¸Šç›–ç« â€ â€‹,0,Tue Aug 05 18:16:37 +0800 2025,å®æ—¶,,"https://tvax1.sinaimg.cn/crop.0.0.512.512.50/008ytJ9Ply8i1faza0gvvj30e80e8q3d.jpg?KID=imgbed,tva&Expires=1754401513&ssig=rh2PsqV4d7",é˜¿è¿…è¿…è¿…è¿…_,/u/7838543181,False
5196312549261383,92,6,9,N/A,æ²¡å…³ç³» åƒæˆ‘è¿™æ ·çš„å¯çˆ±å¥³äºº å°±æ˜¯ä¼šæœ‰äººå‰ä»†åç»§çš„æ¥çˆ±æˆ‘ #ç»«lingtouch#  â€‹,0,Tue Aug 05 16:01:56 +0800 2025,å®æ—¶,,"https://tvax4.sinaimg.cn/crop.0.0.1080.1080.50/006rtlDdly8hnpuqz50f6j30u00u0dk8.jpg?KID=imgbed,tva&Expires=1754401513&ssig=D6LDrQobHY",æ˜å¤©åƒä»€ä¹ˆO,/u/5902752731,True
5196349508950506,31,11,1,N/A,æœ€è¿‘è¿™ä¸ªæ°”æ¸©çœŸçš„ å¤´å‘é•¿çš„æ¯”å†¬å¤©å¿«å¤ªå¤šäº†[éœ‡æƒŠ]â€¦ â€‹,0,Tue Aug 05 18:28:49 +0800 2025,å®æ—¶,,"https://tvax1.sinaimg.cn/crop.0.0.1080.1080.50/006KO4X2ly8i20dsqf2cbj30u00u0dis.jpg?KID=imgbed,tva&Expires=1754401513&ssig=EcUsKiloUj",é¥­å›¢çš„éº»,/u/6188443884,True
5196352889555823,1,3,0,N/A,èŒç‰©ç®€ç›´æ˜¯èŒçš„æ²¡è¾¹äº† â€‹,0,Tue Aug 05 18:42:15 +0800 2025,å®æ—¶,,"https://tvax1.sinaimg.cn/crop.0.0.1080.1080.50/006uSO4Kly8i1fe50e7imj30u00u0q69.jpg?KID=imgbed,tva&Expires=1754401513&ssig=evQCWEHKF%2B",é»è‹¥çƒŸLee,/u/5953149278,False
5196352353207958,0,0,0,N/A,å‡ºé—¨ä¸åˆ°ååˆ†é’Ÿ[è‹¦æ¶©] â€‹,0,Tue Aug 05 18:40:07 +0800 2025,å®æ—¶,,"https://tvax2.sinaimg.cn/crop.0.0.690.690.50/006f8occly8i3gfkrrblbj30j60j6dgp.jpg?KID=imgbed,tva&Expires=1754401513&ssig=BtDlTK9HQ4",é›ªé›¯çš„ç§˜å¯†èŠ±å›­,/u/5720441668,False
5196346546198521,1,0,0,N/A,æ³³æ± çš„æ°´ï¼Œä¸€è¾¹æ°´æµ‘æµŠå´æ¸©æš–ï¼Œä¸€è¾¹æ°´æ¸…æ¾ˆå´å‡‰ï¼Œæ€ä¹ˆé€‰æ‹©ï¼Ÿï¼Ÿï¼Ÿ[ç¬‘cry][ç¬‘cry][ç¬‘cry]@æµ·ä¹é«˜äº²å­æ¸¸æ³³ä¿±ä¹éƒ¨ â€‹,0,Tue Aug 05 18:17:03 +0800 2025,å®æ—¶,,"https://tvax3.sinaimg.cn/crop.0.0.512.512.50/c3f10efdly8fr61kaoc02j20e80e8751.jpg?KID=imgbed,tva&Expires=1754401513&ssig=YInMEzHRXR",xuxuduoduo,/u/3287355133,False
5196320069125645,2,3,0,N/A,ğŸ§©  â€‹,0,Tue Aug 05 16:31:50 +0800 2025,å®æ—¶,,"https://tvax4.sinaimg.cn/crop.0.0.512.512.50/a2d277a7ly8fxw8o4ixagj20e80e80t0.jpg?KID=imgbed,tva&Expires=1754401515&ssig=u6je5WC9Ui",å–œæ¬¢ä¹°é‹å­çš„æµ·ç»µå®å®,/u/2731702183,False
5196348552650323,1,0,0,N/A,#æ¢“æ¸å°è¯´éƒ½å†™ä¸å‡ºæ¥çš„äººè®¾# â€œæµ·æµªæ˜¯å¤§æµ·çŒ®ç»™é»„æ˜çš„æ¸©æŸ”ï¼Œé‡è§ä½ æ˜¯ä¸–ç•ŒçŒ®ç»™æˆ‘çš„æ¸©æŸ”ã€‚â€ä»Šæ™šé›¶ç‚¹ å¤§å®¶ä¸è§ä¸æ•£ â€‹,0,Tue Aug 05 18:25:01 +0800 2025,å®æ—¶,,"https://tvax2.sinaimg.cn/crop.0.0.1080.1080.50/007c19ISly8i3bvtzmcx0j30u00u076u.jpg?KID=imgbed,tva&Expires=1754401515&ssig=KDpZLv6T9H",å¸•å°¼å°¼åŠ èœ,/u/6590521562,False
5196332635786156,3,2,1,N/A,chef Zhang ğŸ§‘â€ğŸ³ â€‹,0,Tue Aug 05 17:21:46 +0800 2025,å®æ—¶,,"https://tvax1.sinaimg.cn/crop.0.0.1080.1080.50/006euepGly8i2fsus506ej30u00u00v4.jpg?KID=imgbed,tva&Expires=1754401515&ssig=WMJOsU5k5i",oreeenj1,/u/5710870944,False
5196346258886262,0,0,0,N/A,#é™ˆç²’[è¶…è¯]# å®å®è®°å¾—çœ‹A26å¤§å®¶çš„ä¿¡å’Œä¾¿ç­¾å“‡[å¯æ€œ] â€‹,0,Tue Aug 05 18:15:54 +0800 2025,å®æ—¶,,"https://tvax4.sinaimg.cn/crop.0.0.1080.1080.50/005Jy12Cly8ghkhzu169wj30u00u078i.jpg?KID=imgbed,tva&Expires=1754401515&ssig=HOkm3wG%2FkO",ä¸€ç²’å°é±¼_,/u/5253706438,False
5196352550078572,1,0,0,N/A,çœ‹è§äº†å¤§è‡ªç„¶çš„çº¹ç†â›°ï¸  â€‹,0,Tue Aug 05 18:40:54 +0800 2025,å®æ—¶,,"https://tvax3.sinaimg.cn/crop.0.0.512.512.50/a524ea55ly8gnt7hc3pwjj20e80e874u.jpg?KID=imgbed,tva&Expires=1754401515&ssig=JnWx8mwJ7z",åºåºå“¦å“¦,/u/2770659925,False
5196352554534094,1,0,0,N/A,æˆåŠŸæ°´åŸ¹ç²‰ç²‰è”æå¶äº†[ç‚¹èµ] â€‹,0,Tue Aug 05 18:40:55 +0800 2025,å®æ—¶,,"https://tvax4.sinaimg.cn/crop.0.0.194.194.50/6ada9243ly8hgrhf0015uj205e05e746.jpg?KID=imgbed,tva&Expires=1754401515&ssig=HFrbP9%2FiJ1",æŒèšµé³—,/u/1792709187,False
5196348762361263,5,1,0,N/A,#æ¢“æ¸å°è¯´éƒ½å†™ä¸å‡ºæ¥çš„äººè®¾# http://t.cn/A6Fmv0BU ç¡®å®æœ‰é­…åŠ›å•Šï¼éƒ½æ¥å¬å¬ä»Šæ™šä¸Šçº¿çš„æ–°æ­Œå‘ï½ â€‹,0,Tue Aug 05 18:25:51 +0800 2025,å®æ—¶,,"https://tvax3.sinaimg.cn/crop.0.0.996.996.50/006hjs4Wly8i40mpehq4cj30ro0road0.jpg?KID=imgbed,tva&Expires=1754401515&ssig=5QeDpGAScN",çŒ«è¸©è¿‡è½å¶,/u/5752630874,False
5196316818279141,0,0,0,N/A,Big  big biu~#ä»Šæ—¥ç©¿æ­(ootd)# â€‹,0,Tue Aug 05 16:18:55 +0800 2025,å®æ—¶,,"https://tvax2.sinaimg.cn/crop.0.0.512.512.50/005PydAMly8g7ghl2d4kvj30e80e8mxs.jpg?KID=imgbed,tva&Expires=1754401515&ssig=WygkvmQZTU",çŒ«å°é±¼å°±æ˜¯Lilyå•Š,/u/5342412700,False
5196350662120373,1,0,0,N/A,è®©è½æ—¥ä»£æ›¿æ‰€æœ‰çš„ç¯  â€‹,0,Tue Aug 05 18:33:24 +0800 2025,å®æ—¶,,"https://tvax4.sinaimg.cn/crop.0.0.1080.1080.50/6f780e70ly8hpd7r4t602j20u00u0mye.jpg?KID=imgbed,tva&Expires=1754401515&ssig=ZnZ0%2Ffl04H",ç‹‚é‡çŒ«çƒQAQ,/u/1870138992,False
5196326784206796,4,0,0,N/A,ä¸€äº›æœ‹å‹åœˆæ²¡å‘çš„live  æˆ‘ä¼šæ°¸è¿œæ€€å¿µè‡ªç”±çš„27å² æ›¼è°· å·´å˜å²›æƒ¬æ„çš„é£  â€‹,0,Tue Aug 05 16:58:31 +0800 2025,å®æ—¶,,"https://tvax3.sinaimg.cn/crop.0.0.960.960.50/0065GN3tly8hlyy6wlocnj30qo0qo404.jpg?KID=imgbed,tva&Expires=1754401515&ssig=4%2B8JQXEi5V",IgGottYouniverse,/u/5580877019,False
5194155787290455,197,57,2,å‘å¸ƒäº æ±Ÿè¥¿,åˆ†äº«æ‹çˆ±å°æŠ€å·§ [å¿ƒ]  â€‹,40,Wed Jul 30 17:11:45 +0800 2025,çƒ­é—¨,,"https://tvax2.sinaimg.cn/crop.0.0.960.960.50/008rubrHly8i3ks8eaeozj30qo0qogne.jpg?KID=imgbed,tva&Expires=1754401780&ssig=bZV2OThuZd",æ™—æ™—åŒå­¦go,/u/7735217569,True
5196336098186969,245,0,3,å‘å¸ƒäº æµ™æ±Ÿ,å†·æ¸…æ„Ÿbabyè“ğŸ©µï½œä¹°åˆ°æœ€æ»¡æ„çš„ä¸€æ¡ç‘œä¼½è£¤ â€‹,40,Tue Aug 05 17:35:32 +0800 2025,çƒ­é—¨,,"https://tvax2.sinaimg.cn/crop.0.0.1080.1080.50/c8fcddd4ly8i0wju0ewguj20u00u0gnp.jpg?KID=imgbed,tva&Expires=1754401780&ssig=ANiDXTH%2BFL",æ± æ± ç¡ä¸é†’,/u/3372015060,True
5192811349283889,202,46,4,å‘å¸ƒäº å†…è’™å¤,å†æ•¢èƒ¡è¯´å…«é“ï¼Œå°å¿ƒæˆ‘ç»™ä½ ä¸€è„šğŸ¦¶ğŸ» â€‹â€‹â€‹[å›´è„–] â€‹,49,Sun Jul 27 00:09:26 +0800 2025,çƒ­é—¨,,"https://tvax4.sinaimg.cn/crop.0.0.512.512.50/008syE0nly8i30btcfa4vj30e80e8weo.jpg?KID=imgbed,tva&Expires=1754401780&ssig=25XUbxtaGf",éƒ‘èŒ—ç–_,/u/7751056999,True
5193445750604524,89651,21759,90066,å‘å¸ƒäº å±±ä¸œ,#åˆ˜å®‡å®çš„2025å·¡æ¼”#Â   å¯„é€ä¸€åˆ™æ±ŸåŸå¤§ç‰‡å¹•åæ‰‹è®°ğŸï¸ é•œå¤´æ˜¯è·¨è¶Šæ—¶å…‰çš„ç¬”å°–ã€‚ å°†æœªå®Œçš„çº¦å®šç¼“ç¼“æ˜ ç°ã€‚ ä»¥æƒ³å¿µä¸ºå¼•ï¼Œæ­¥å±¥ä¸åœï¼Œæˆ‘ä»¬æ­¦æ±‰è§ï¼  @æ‘©ç™»å…„å¼Ÿåˆ˜å®‡å® http://t.cn/A6F5y6SX â€‹,170,Mon Jul 28 18:10:19 +0800 2025,çƒ­é—¨,,"https://tvax2.sinaimg.cn/crop.0.0.512.512.50/007Z6Djfly8i3tnmtif2yj30e80e8dg5.jpg?KID=imgbed,tva&Expires=1754401780&ssig=Ofv3Pv1LkG",åˆ˜å®‡å®LYNå·¥ä½œå®¤,/u/7315867397,True
5192781238370600,354,125,5,å‘å¸ƒäº æ±Ÿè¥¿,ç”Ÿæ´»ä¹Ÿè®¸å°±æ˜¯è¿™æ ·ï¼Œ  â€‹â€‹â€‹[å¹¶ä¸ç®€å•] â€‹,36,Sat Jul 26 22:09:46 +0800 2025,çƒ­é—¨,,"https://tvax2.sinaimg.cn/crop.0.0.1050.1050.50/beb2dcccly8i30wsz5fx4j20t60t6q4r.jpg?KID=imgbed,tva&Expires=1754401780&ssig=XtWTFHGXeG",æœˆé‡å…”Carol,/u/3199392972,True
5195670949990655,81,8,0,å‘å¸ƒäº æ²³åŒ—,çº¯æƒ…å¤§å­¦ç”Ÿootd â€‹â€‹â€‹[å®¢å…ç‹‚æ¬¢]  â€‹,52,Sun Aug 03 21:32:28 +0800 2025,çƒ­é—¨,,"https://tvax2.sinaimg.cn/crop.0.0.1080.1080.50/005JkJTRly8i17xojty36j30u00u111o.jpg?KID=imgbed,tva&Expires=1754401780&ssig=cqIaz0vPv7",è‰³åµ‰,/u/5250542283,True
5195898617335040,1234,412,329,N/A,ã€è½¬å‘å°çŸ¥è¯†ï¼#åœŸè±†å¦ˆå¦ˆè¯å®æ˜¯ç•ªèŒ„#ã€‘#åŸºå› çœ‹è–¯æ¡ä¸ºå•¥é…ç•ªèŒ„é…±# è¿‘æ—¥ï¼Œä¸­å›½å†œç§‘é™¢ä¸“å®¶ï¼Œé€šè¿‡é«˜è´¨é‡åŸºå› ç»„æ•°æ®åˆ†æè¯å®ï¼Œçº¦1400ä¸‡å¹´å‰ï¼ŒåŒæ ·æ˜¯èŒ„ç§‘çš„â€œç±»é©¬é“ƒè–¯â€å’Œç•ªèŒ„å¼€å§‹åˆ†åŒ–ï¼Œçº¦500ä¸‡å¹´åï¼Œç±»é©¬é“ƒè–¯å’Œç•ªèŒ„åˆè‡ªç„¶æ‚äº¤ï¼Œé€æ¸å½¢æˆäº†å¸¦æœ‰è–¯å—çš„é©¬é“ƒè–¯ï¼Œç±»é©¬é“ƒè–¯æ˜¯çˆ¶æœ¬ã€ç•ªèŒ„æ˜¯æ¯æœ¬ã€‚æ­¤å¤–ï¼ŒèŒ„å­ã€è¾£æ¤’ã€ â€‹,363,Mon Aug 04 12:37:08 +0800 2025,çƒ­é—¨,,"https://tvax1.sinaimg.cn/crop.0.0.600.600.50/002TLsr9ly8hyczj5vd4ij60go0godgk02.jpg?KID=imgbed,tva&Expires=1754401780&ssig=frn2QYiisj",å¤®è§†æ–°é—»,/u/2656274875,True
5188783378273245,3796,717,70,å‘å¸ƒäº ç”˜è‚ƒ,çƒ­å¾—æ²¡æ‹›äº†â€¦.å¤±å»äº†æ‰€æœ‰åŠ›æ°”å’Œæ‰‹æ®µ â€‹,33,Tue Jul 15 21:23:43 +0800 2025,çƒ­é—¨,,"https://tvax1.sinaimg.cn/crop.0.0.1080.1080.50/007eAixEly8i317grmhu4j30u00u0tb9.jpg?KID=imgbed,tva&Expires=1754401780&ssig=8LRtlhoxho",æ–‡æ¢“zi,/u/6628449614,False
5195812581671874,111,93,19,å‘å¸ƒäº å››å·,#å¼€å¿ƒæ¶ˆæ¶ˆä¹# ğŸ¸#æ¸¸æˆæ”»ç•¥#  å¼€å¿ƒæ¶ˆæ¶ˆä¹2685å…³çš„é€šå…³æ”»ç•¥ï½  æœ¬å…³ç›®æ ‡ï¼šåœ¨26æ­¥ä»¥å†…ï¼Œæ”¶é›†21ä¸ªå†°å—ï¼Œ18ä¸ªèœ‚èœœğŸ¯ğŸ¯ğŸ¯   ğŸŒºå¼€å±€å…ˆè§‚å¯Ÿå¸ƒå±€ï¼Œä¼˜å…ˆä»é è¿‘ç“¶å­é™„è¿‘åº•éƒ¨å¼€å§‹æ¶ˆé™¤ï¼Œè¿™æ ·ä¸Šæ–¹å…ƒç´ ä¸‹è½æ—¶æ˜“å½¢æˆæ–°ç»„åˆï¼Œè§¦å‘è¿é”ååº”ï¼Œä¸ºåç»­æ¶ˆé™¤åˆ›é€ æ¡ä»¶ã€‚[yeah]  ğŸ’£ğŸ’¥å°½é‡åˆ¶ä½œé­”åŠ›é¸Ÿï¼Œä¸å››è¿æ¶ˆç”Ÿæˆ â€‹,565,Mon Aug 04 06:55:16 +0800 2025,çƒ­é—¨,,"https://tvax3.sinaimg.cn/crop.0.0.1080.1080.50/006gZ0ocly8i0n0c6to4cj30u00u0whi.jpg?KID=imgbed,tva&Expires=1754401780&ssig=5aPnNKKhjE",å¯è‰å–µå–µé…±,/u/5747757876,True
5194404864197935,238,0,4,å‘å¸ƒäº é™•è¥¿,æ—¶å…‰åœ¨æŒå¿ƒæµæ·Œæˆæ²³ï¼Œæˆ‘ä»¬è¿½é€çš„æ˜Ÿè¾°ç¢ç‰‡ï¼Œç»ˆä¼šåœ¨æŸä¸ªè½¬å¼¯å¤„æ‹¼å‡‘æˆå®Œæ•´çš„æœˆå…‰ã€‚[æ³ª] â€‹,78,Thu Jul 31 09:41:30 +0800 2025,çƒ­é—¨,,"https://tvax1.sinaimg.cn/crop.0.0.512.512.50/696f99a1ly8hvcgo45nnhj20e80e80th.jpg?KID=imgbed,tva&Expires=1754401780&ssig=SIBtnOw%2BRd",å©‰å°å¿ƒmi,/u/1768921505,True
5196333231380582,401,338,87,N/A,ã€[è¯ç­’]å›½åŠ¡é™¢åŠå…¬å…ï¼š#å¸®åŠ©å®¶åº­ç»æµå›°éš¾å„¿ç«¥æ¥å—å­¦å‰æ•™è‚²#ã€‘ å›½åŠ¡é™¢åŠå…¬å…å…³äº#é€æ­¥æ¨è¡Œå…è´¹å­¦å‰æ•™è‚²çš„æ„è§#ï¼š å·©å›ºè½å®å®¶åº­ç»æµå›°éš¾å„¿ç«¥ç­‰ç¾¤ä½“èµ„åŠ©æ”¿ç­–ã€‚åœ¨å›½å®¶ç»Ÿä¸€å®æ–½çš„å…ä¿è‚²æ•™è‚²è´¹æ”¿ç­–åŸºç¡€ä¸Šï¼Œé¼“åŠ±å„çœç»“åˆå®é™…ï¼Œè¿›ä¸€æ­¥å·©å›ºè½å®å®¶åº­ç»æµå›°éš¾å„¿ç«¥ã€å­¤å„¿å’Œæ®‹ç–¾å„¿ç«¥ç­‰ç¾¤ä½“èµ„åŠ©æ”¿ç­–ï¼Œåšå¥½å…œåº•ä¿éšœï¼Œ â€‹,624,Tue Aug 05 17:24:08 +0800 2025,çƒ­é—¨,,"https://tvax4.sinaimg.cn/crop.0.0.1018.1018.50/0033ImPzly8h8vgemh8kxj60sa0sadgw02.jpg?KID=imgbed,tva&Expires=1754401783&ssig=F7iHDiAmjn",äººæ°‘æ—¥æŠ¥,/u/2803301701,True
5196057379603206,88,8,9,å‘å¸ƒäº æ±Ÿè‹,ä¸€äº›å¾ˆå¥½çœ‹çš„å£çº¸ â€‹,16,Mon Aug 04 23:08:00 +0800 2025,çƒ­é—¨,,"https://tvax3.sinaimg.cn/crop.0.0.1080.1080.50/c5d0601aly8hl7imgrm0bj20u00u0die.jpg?KID=imgbed,tva&Expires=1754401783&ssig=nHgqGJ8Ssi",å£çº¸é«˜æ¸…æ— æ°´å°,/u/3318767642,True
5195518747870075,224,121,2,å‘å¸ƒäº æ²³å—,æˆ‘çœŸçš„è¶Šæ¥è¶Šäº†å¿ƒç–¼æ—ºä»”å°ä¹”è¿™ä¸ªå¥³å­©å­äº†â€¦â€¦å¥¹ä¹‹å‰ç›´æ’­çš„æ—¶å€™éƒ½è¯´è¿‡äº†æ˜¯å› ä¸ºå°æ—¶å€™å—è¿‡åˆ›ä¼¤æ‰ä¸æ„¿æ„ä»¥é¢ç¤ºäººçš„ï¼Œå†µä¸”å¤§å®¶æ˜¯å› ä¸ºå¥¹çš„å£°éŸ³æ‰å–œæ¬¢å¥¹çš„å•Šï¼Œç”¨æ›¿èº«åˆèƒ½æ€ä¹ˆæ ·ï¼Ÿå¥¹åªæ˜¯åœ¨ä¿æŠ¤è‡ªå·±ï¼Œä½ ä»¬ä¸è¦éšä¾¿çŒœå¿Œäººå®¶äº†å¥½å—ï¼Ÿ â€‹,206,Sun Aug 03 11:27:40 +0800 2025,çƒ­é—¨,,"https://tvax1.sinaimg.cn/crop.0.0.1080.1080.50/006qtYxPly8i40pf5sr3pj30u00u1ta2.jpg?KID=imgbed,tva&Expires=1754401783&ssig=ocISLS6Nw6",æ˜¥éæˆ‘å¤,/u/5888125977,True
5196314909872021,1098,316,127,N/A,#ç”·å­ä¸€è„šè·¨åœ¨æ€¥æµä¸Šå“å“æ•‘äºº#ã€#æ°´æ·¹åˆ°è½¦é¡¶å¹¿è¥¿å°ä¼™æ•‘å‡º3æ¡å‘½#ã€‘â€œäººå‘½å…³å¤©ï¼Œè‚¯å®šæ˜¯è¦æ•‘çš„ï¼â€è¿‘æ—¥ï¼Œå¹¿è¥¿è—¤å¿å‡ºç°å¼ºé™é›¨ï¼Œä¸€è¾†å°è½¦è¢«å›°æ¹æ€¥æ°´æµä¸­ã€‚ä¸€å°ä¼™ä¸‹ç­è·¯ä¸Šçœ‹åˆ°ï¼Œç«‹åˆ»æ•‘æ´ï¼Œå°†æ¿è½¦å¹¶æ’åœåœ¨å°è½¦æ—â€œæ­æ¡¥â€ï¼Œä»–æ¨ªè·¨äºä¸¤è½¦ä¹‹é—´ï¼Œç ¸çª—æ•‘å‡ºè½¦å†…3äººã€‚è‡´æ•¬æŒºèº«è€Œå‡ºçš„è‹±é›„ï¼ï¼ˆæ€»å°è®°è€…å‚…ç¦æ© æè¶…è¶Šï¼‰  â€‹,300,Tue Aug 05 16:11:20 +0800 2025,çƒ­é—¨,,"https://tvax1.sinaimg.cn/crop.0.0.600.600.50/002TLsr9ly8hyczj5vd4ij60go0godgk02.jpg?KID=imgbed,tva&Expires=1754401783&ssig=ToUY9idBt8",å¤®è§†æ–°é—»,/u/2656274875,True
5186059497637732,10706,205,205,å‘å¸ƒäº å¹¿è¥¿,äººï¼Œæˆ‘é†’äº†ï¼Œè¿˜æ‹äº†å¼ è‡ªæ‹ â€‹,24,Tue Jul 08 08:59:59 +0800 2025,çƒ­é—¨,,"https://tvax1.sinaimg.cn/crop.0.0.512.512.50/d0f8f22aly8h55bukc6e5j20e80e8wek.jpg?KID=imgbed,tva&Expires=1754401783&ssig=fXEtLV%2BqRE",å…¨æ˜¯ç‹—ç‹—å•Š,/u/3505975850,True
5196245249556687,106,19,2,å‘å¸ƒäº å¹¿ä¸œ,åˆ†äº«æ‹çˆ±å°æŠ€å·§ â€‹â€‹â€‹[èµ¢ç‰›å¥¶]  â€‹,49,Tue Aug 05 11:34:31 +0800 2025,çƒ­é—¨,,"https://tvax2.sinaimg.cn/crop.0.0.1024.1024.50/008wKZQ1ly8i29ebybmt2j30sg0sgwhg.jpg?KID=imgbed,tva&Expires=1754401783&ssig=%2FP59JiKKXv",KUN_æ¾œæ¦„ç¬›æ«å··,/u/7813106205,True
5196257968785893,602,41,53,å‘å¸ƒäº å±±ä¸œ,è¿™ä¸ªæ‘‡æ³•  æœ‰å“ªä¸ªç”·äººèƒ½ä¸æ¿€åŠ¨ğŸ’—[ç¬‘cry][ç¬‘cry] http://t.cn/A6FEcExJ â€‹,67,Tue Aug 05 12:25:04 +0800 2025,çƒ­é—¨,,"https://tvax4.sinaimg.cn/crop.0.0.1080.1080.50/005WdmJHly8i2a6vsredlj30u00u0grn.jpg?KID=imgbed,tva&Expires=1754401783&ssig=W10SvELkmP",ä¸€çŸ¥èŠå£«,/u/5440877313,True
5196161067253852,1312,603,119,å‘å¸ƒäº åŒ—äº¬,ä»€ä¹ˆå­¦å†æ‰èƒ½å»è¿™å®¶å•ä½ä¸Šç­ï¼Ÿ â€‹,28,Tue Aug 05 06:00:01 +0800 2025,çƒ­é—¨,,"https://tvax4.sinaimg.cn/crop.0.0.512.512.50/007DM5Ywly8i077iv7up0j30e80e80tn.jpg?KID=imgbed,tva&Expires=1754401783&ssig=dAiynMeUzr",ç—´å²,/u/7000669644,True
5195511851386445,82,123,1,å‘å¸ƒäº é‡åº†,#æ¤ç‰©è§‚èµ##æ¤ç‰©ç§‘æ™®#   å·¨èŠ±é©¬å…œé“ƒï¼šé›¨æ—ä¸­çš„å¥‡å¼‚â€œçŒæ‰‹â€   å·¨èŠ±é©¬å…œé“ƒæ˜¯é©¬å…œé“ƒç§‘çš„å¤šå¹´ç”Ÿè—¤æœ¬æ¤ç‰©ï¼Œä¸»è¦åˆ†å¸ƒäºçƒ­å¸¦åŠäºšçƒ­å¸¦é›¨æ—ã€‚å…¶æœ€å¼•äººæ³¨ç›®çš„æ˜¯ç‹¬ç‰¹çš„èŠ±æœµç»“æ„â€”â€”å·¨å¤§çš„èŠ±ç“£å‘ˆå–‡å­çŠ¶ï¼Œé¢œè‰²å¤šä¸ºç´«è¤è‰²å¹¶å¸¦æœ‰ç™½è‰²æ–‘çº¹ï¼Œå®›å¦‚ä¸€ä»¶ç²¾å¿ƒé›•ç¢çš„å¥‡å¼‚è‰ºæœ¯å“ã€‚   å®ƒçš„èŠ±æœµä¸ä»…å¤–å½¢å¥‡ç‰¹ï¼Œè¿˜è—ç€å·§å¦™çš„ç”Ÿå­˜ â€‹,700,Sun Aug 03 11:00:16 +0800 2025,çƒ­é—¨,,"https://tvax4.sinaimg.cn/crop.0.0.1080.1080.50/e4f8369fly8h2epswkvfuj20u00u00wc.jpg?KID=imgbed,tva&Expires=1754401783&ssig=UC5M2VhKZp",æ†¨æ†¨çš„ä¸€æœµèŒå­,/u/3841472159,True
5195226071436569,30125,461,4054,å‘å¸ƒäº æ²³å—,æœ‹å‹åœˆä¹å®«æ ¼è¡¥å›¾ä¸“ç”¨ â€‹,20,Sat Aug 02 16:04:41 +0800 2025,çƒ­é—¨,,"https://tvax2.sinaimg.cn/crop.0.0.828.828.50/00633F4mly8gditfleh9fj30n00n0dgp.jpg?KID=imgbed,tva&Expires=1754401783&ssig=kHYAzwyn%2F%2B",å£çº¸ç ”ç©¶å®¤,/u/5541998858,True
5196346895630939,4144592,1000000,856285,å‘å¸ƒäº æµ™æ±Ÿ,å¾ˆé«˜å…´æˆä¸º@FREDæ–ç™» ä¸­å›½åŒºå“ç‰Œå¤§ä½¿ï¼Œ ä»¥è”šè“å¿ƒå¢ƒä¸ºé”šï¼Œç»½æ”¾æœ¬çœŸé”‹èŠ’ï¼Œ ä»¥æ— ç•éª„é˜³ä¸ºå¸†ï¼Œå°½äº«æ°¸æ’å…‰éŸµï¼Œ ä¸é˜³å…‰èˆ¬ç’€ç’¨çš„ç å®å¤§å¸ˆFREDæ–ç™»ä¸€èµ·ï¼Œå…±èµ´è€€ç›®æœªæ¥ã€‚ #FREDæ–ç™»å“ç‰Œå¤§ä½¿é å©§ç¥##é˜³å…‰èˆ¬ç’€ç’¨çš„ç å®å¤§å¸ˆ##TheSunshineJeweler##FREDä¹äº«é˜³å…‰ç’€ç’¨# â€‹,234,Tue Aug 05 18:18:26 +0800 2025,çƒ­é—¨,,"https://tvax1.sinaimg.cn/crop.0.0.1080.1080.50/0040jbadly8hoaccxzhmgj60u00u0di602.jpg?KID=imgbed,tva&Expires=1754401786&ssig=9QOwJ3C7Rs",é å©§ç¥,/u/3669102477,True
5183953965157178,5356,620,734,N/A,#èŠ±èŠ±è¶´åœ¨å’Œå¶èƒŒä¸Šç¡è§‰å¥½èŒ#ã€å¯çˆ±ï¼#èŠ±èŠ±æœ‰ä¸“å±çš„å¦¹å¦¹ç‰Œæ•å¤´#ã€‘æŠ±ç€è¿™æ ·çš„â€œæ•å¤´â€å…¥ç¡ï¼Œè¯´ä¸å®šçœŸçš„èƒ½ç¡å¾—æ¯”â€œèŠ±èŠ±â€é¦™å“¦ï¼@iPandaç†ŠçŒ«é¢‘é“ http://t.cn/A6DYpvKO â€‹,152,Wed Jul 02 13:33:21 +0800 2025,çƒ­é—¨,,"https://tvax2.sinaimg.cn/crop.58.61.875.875.50/001R0E0aly8h8vg6xx3srj60rs0rsdko02.jpg?KID=imgbed,tva&Expires=1754401786&ssig=ZIOvoC1LQ8",æ–°åç¤¾,/u/1699432410,True
5195864777952374,96,24,225,N/A,ã€ä¹ è¿‘å¹³å°±ç ”ç©¶å¸æ”¶ç½‘æ°‘å¯¹â€œåäº”äº”â€è§„åˆ’ç¼–åˆ¶å·¥ä½œæ„è§å»ºè®®ä½œå‡ºé‡è¦æŒ‡ç¤ºå¼ºè°ƒ å¹¿æ³›æ·±å…¥å¯Ÿæ°‘æƒ…å¬æ°‘å£°æ±‡æ°‘æ™º ä¸æ–­å®ç°äººæ°‘å¯¹ç¾å¥½ç”Ÿæ´»çš„å‘å¾€ã€‘http://t.cn/A6FYdCx0 â€‹,148,Mon Aug 04 10:22:40 +0800 2025,çƒ­é—¨,,"https://tvax4.sinaimg.cn/crop.0.0.600.600.50/005sq2Yvly8i0e78n4z19j60go0gota602.jpg?KID=imgbed,tva&Expires=1754401786&ssig=nh586h%2BUzJ",ä¸­å›½æ”¿åºœç½‘,/u/5000609535,True
5194940524528596,1904,272,430,N/A,ã€70å¹´é€†è¢­ï¼#æ­¼20ä¸æ­¼35AåŒé›„å¹¶ç«‹æƒŠè‰³ä¸–ç•Œ#ã€‘#ä¸“å®¶é€éœ²ä¸­å›½æœªæ¥æˆ˜æ–—æœºæˆ–èƒ½å˜ä½“#åœ¨å…¨çƒèˆªç©ºå†›äº‹é¢†åŸŸï¼Œä¸­å›½æ­¼-20æˆ˜æ–—æœºè‡ªé—®ä¸–ä»¥æ¥ï¼Œä¾¿æˆä¸ºå›½é™…èˆ†è®ºå…³æ³¨çš„ç„¦ç‚¹ã€‚2011å¹´1æœˆ11æ—¥ï¼Œæ­¼-20åœ¨æˆéƒ½é¦–é£æˆåŠŸã€‚ä½œä¸ºä¸­å›½æ–°ä¸€ä»£éšèº«æˆ˜æœºï¼Œæ­¼-20å¼€å¯äº†ä¸­å›½ç©ºå†›çš„â€œ20â€æ—¶ä»£ï¼Œä¹Ÿå®£å‘Šäº†â€œéšèº«æ—¶ä»£â€çš„åˆ°æ¥ã€‚2024å¹´11æœˆ â€‹,477,Fri Aug 01 21:10:01 +0800 2025,çƒ­é—¨,,"https://tvax4.sinaimg.cn/crop.0.0.180.180.50/003z5L7fly8h8ursf868gj6050050mwz02.jpg?KID=imgbed,tva&Expires=1754401786&ssig=ibO%2FxcBCzl",å¤®è§†ç½‘,/u/3266943013,True
5187531701747961,21650,264,92,å‘å¸ƒäº éŸ©å›½,ğŸ½ğŸ·ğŸš²ğŸšƒ â€‹,16,Sat Jul 12 10:30:00 +0800 2025,çƒ­é—¨,,"https://tvax2.sinaimg.cn/crop.0.0.600.600.50/7f3f93dfly8he0gm6x52ij20go0go74v.jpg?KID=imgbed,tva&Expires=1754401786&ssig=Wu2edidbZZ",æœ´å½©è‹±ROSE__BLACKPINK,/u/2134873055,False
5190166566142450,1015,161,44,å‘å¸ƒäº å¹¿ä¸œ,ç‹—ç†Šå²­çœŸæœ‰æ–™~#ç†Šå‡ºæ²¡##å¤§å±•é¸¿å›¾# #ç†Šå‡ºæ²¡å†²æµªç°åœº# #ç†Šå‡ºæ²¡[è¶…è¯]# http://t.cn/A6kQx1xB â€‹,84,Sat Jul 19 17:00:01 +0800 2025,çƒ­é—¨,,"https://tvax3.sinaimg.cn/crop.0.0.632.632.50/a78482daly8hzlaa8rs69j20hk0hkt9k.jpg?KID=imgbed,tva&Expires=1754401786&ssig=V4cxbSK2jx",ç†Šå‡ºæ²¡,/u/2810479322,True
5193896159347977,689,163,134,å‘å¸ƒäº å¹¿ä¸œ,#ç‹å¥•[è¶…è¯]##ç‹å¥•2025å·³å·³å¦‚å¥•#  ã€ğŸŒ¸ã€‘DAY 627 @ä¸€ä¸ªä¼˜é›…çš„æŒ‘æ°´äºº ã€ğŸ¾ã€‘ONEONE tmi  ç‹å¥•å°æ—¶å€™å†™ä½œä¸šï¼Œå†™ç€å†™ç€è§‰å¾—æ— èŠï¼Œç…ç€è‡ªå·±çš„ç¬”æŒºå¥½çœ‹ï¼Œå°±å¼€å§‹å¸å¢¨æ±ç©ã€‚ä¹‹å‰åŒå­¦åƒè§å…‰ç¬”ï¼Œä¸€ä¸ªä¸ªèˆŒå¤´å˜å¾—äº”å½©æ–‘æ–“ï¼Œç‹å¥•ä¹Ÿæƒ³è¯•è¯•ï¼Œç´¢æ€§å°±å–äº†é»‘å¢¨æ°´ï¼Œæ˜¯åœ¨å®¶å·ç€å–çš„ã€‚å–å®Œå°±æ…Œäº†ï¼Œæ»¡å˜´éƒ½æ˜¯å¢¨æ±ã€‚å¦ˆå¦ˆè®© â€‹,385,Wed Jul 30 00:00:05 +0800 2025,çƒ­é—¨,,"https://tvax2.sinaimg.cn/crop.0.0.1080.1080.50/78da8cb7ly8i278bkdghsj20u00u043a.jpg?KID=imgbed,tva&Expires=1754401786&ssig=jzJNhHvhxT",ç‹å¥•æµ©ç€šå®‡å®™é£è¡Œå™¨,/u/2027588791,True
5187937635664568,14958,1062,52,å‘å¸ƒäº åŒ—äº¬,æ²»æ„ˆçš„ç»¿å¶æœç„¶å¯ä»¥è®©æ²‰é—·çš„å¿ƒæƒ…å˜å¥½[å•èº«ç‹—] â€‹,42,Sun Jul 13 13:23:02 +0800 2025,çƒ­é—¨,,"https://tvax3.sinaimg.cn/crop.0.0.512.512.50/005Nj2uwly8fhdsyrpijcj30e80e8t99.jpg?KID=imgbed,tva&Expires=1754401786&ssig=dAPFGWQL4S",éºŸæ½œlive,/u/5309242436,True
5188747131358410,805,76,30,N/A,#å–œç¾Šç¾Šä¸ç°å¤ªç‹¼[è¶…è¯]#  è¿™å°±æ˜¯æ²¸å“¥çš„ä¸»ï¼è§’ï¼å…‰ï¼ç¯ï¼ â€”â€” ä¸€é¢—æ°¸è¿œä¸ç•æƒ§æŒ‘æˆ˜çš„å¿ƒï¼[åŠ æ²¹] #ç¾Šæ‘å®ˆæŠ¤è€…11ä¹‹ç‹‚é‡æ–°å®‡å®™# http://t.cn/A6kSmF2k â€‹,136,Tue Jul 15 18:59:41 +0800 2025,çƒ­é—¨,,"https://tvax3.sinaimg.cn/crop.0.0.996.996.50/6544f080ly8gdi8awvrnkj20ro0roace.jpg?KID=imgbed,tva&Expires=1754401786&ssig=bJqb86JOOL",å–œç¾Šç¾Šä¸ç°å¤ªç‹¼CPE,/u/1699016832,True
5193026617738230,610,36,2,å‘å¸ƒäº æ²³åŒ—,åƒé¥­ï¼ â€‹,6,Sun Jul 27 14:24:50 +0800 2025,çƒ­é—¨,,"https://tvax1.sinaimg.cn/crop.0.0.502.502.50/007UwsmNly8hvwltw2zi7j30dy0dyt9n.jpg?KID=imgbed,tva&Expires=1754401786&ssig=NILAk31w%2FQ",å¤æ€ªå°ç¦_,/u/7248140181,True
5196351395596736,1,0,0,N/A,ğŸ“DAY1-2äº¬éƒ½ åƒæœ¬é¸Ÿå±…â•æ¸…æ°´å¯ºâ•ç«¹æ—â•äº¬éƒ½å¤§å­¦ çƒ­çˆ†äº†ï¼ï¼ï¼ â€‹,0,Tue Aug 05 18:36:19 +0800 2025,å®æ—¶,,"https://tvax1.sinaimg.cn/crop.0.0.1080.1080.50/51e6469bly8hyh8q7c7w0j20u00u0tcp.jpg?KID=imgbed,tva&Expires=1754401788&ssig=E7HVX3ejWl",å¤§æ—ºæ—ºå°å°é…¥,/u/1374045851,False
5196347855602425,3,0,0,N/A,æ¸¸å®¢ç…§  â€‹,0,Tue Aug 05 18:22:14 +0800 2025,å®æ—¶,,"https://tvax3.sinaimg.cn/crop.0.0.996.996.50/006fKhWNly8ftk0m5fgexj30ro0rogof.jpg?KID=imgbed,tva&Expires=1754401788&ssig=A%2FfFYp1KDh",ä¸€ä½èµ„æ·±è€çˆ·çˆ·_,/u/5729474113,False
5196353288276241,1,0,0,N/A,å°ç‹— çˆ±ç©ç©å…·ç‰ˆ â€‹,0,Tue Aug 05 18:43:50 +0800 2025,å®æ—¶,,"https://tvax4.sinaimg.cn/crop.0.0.828.828.50/a2197dafly8gh0tafqnd9j20n00n00uo.jpg?KID=imgbed,tva&Expires=1754401788&ssig=2IKmxLV0NB",ç¡äº†ä¸ªèœœè§‰,/u/2719579567,False
5196344335802654,3,6,0,N/A,ä»Šæ™šåšçš„å¾ˆå¥½åƒğŸ˜‹åƒäº†ä¸€ç¢—é¥­[è‰²] åƒå®Œé¥­å»é€›é€›æ²³è¾¹ çœ‹å¤œæ™¯[æœŸå¾…] â€‹,0,Tue Aug 05 18:08:16 +0800 2025,å®æ—¶,,"https://tvax3.sinaimg.cn/crop.0.0.512.512.50/007cOsuZly8hv9ogqto9nj30e80e8gm8.jpg?KID=imgbed,tva&Expires=1754401788&ssig=9jMRzte09x",YaayaC,/u/6602271809,False
5196278856155547,3,8,0,N/A,ä¸¤ä¸ªå¾ˆåœŸçš„äººè°ˆæ‹çˆ±be like â€‹,0,Tue Aug 05 13:48:03 +0800 2025,å®æ—¶,,"https://tvax2.sinaimg.cn/crop.0.0.512.512.50/006Lmwe0ly8i3l01d7skuj30e80e8aab.jpg?KID=imgbed,tva&Expires=1754401788&ssig=LOBcgv1hr7",Suedette,/u/6196651876,False
5196354033032505,1,1,0,N/A,å¨ƒé€æˆ‘çš„é‡èŠ±è§’[å˜»å˜»] â€‹,0,Tue Aug 05 18:46:48 +0800 2025,å®æ—¶,,"https://tvax2.sinaimg.cn/crop.14.0.722.722.50/618b8ef9ly8fl62m3ah3rj20ku0k2q3y.jpg?KID=imgbed,tva&Expires=1754401788&ssig=uTwFsA2GGi",è¿‡å®¢å¡å¡Shirley,/u/1636536057,False
5196353508482019,0,1,0,N/A,ç”·å¥³å¨²[å¹¶ä¸ç®€å•] â€‹,0,Tue Aug 05 18:44:43 +0800 2025,å®æ—¶,,"https://tva3.sinaimg.cn/crop.0.0.749.749.50/a714801ejw8f8ffzrolpxj20ku0ktaag.jpg?KID=imgbed,tva&Expires=1754401788&ssig=Oz8WxxswUM",æš–_è‡å‡‰,/u/2803138590,False
5196335978385375,2,0,0,N/A,ä¸Šå°å­¦å‰å¸¦å©‰å©‰æ¥æ„Ÿå—æ¯äº²æ²³çš„ç£…ç¤´ï¼Œæ—¶é—´ä¸é•¿ï¼Œå¤©æ°”å¾ˆçƒ­ï¼Œäººä¹Ÿå¾ˆå¤šï¼Œä½†æ˜¯æŠµæŒ¡ä¸ä½æˆ‘ä»¬å¯¹ä¸­å›½ä¼ ç»Ÿæ–‡åŒ–çš„çƒ­çˆ±[å˜»å˜»][å˜»å˜»]  â€‹â€‹â€‹  â€‹,0,Tue Aug 05 17:35:03 +0800 2025,å®æ—¶,,"https://tva4.sinaimg.cn/crop.0.0.640.640.50/48ce364ejw8edsgr9yb68j20hs0hsabe.jpg?KID=imgbed,tva&Expires=1754401788&ssig=rRCBNFFwhX",ç”œå®å®å®å®,/u/1221473870,False
5196347684690698,1,0,0,N/A,å“ˆå“ˆå“ˆå“ˆdollarä¹Ÿæ˜¯åƒä¸Šäº†å¥½æœ‹ç‹—çš„ç”Ÿæ—¥è›‹ç³• â€‹,0,Tue Aug 05 18:21:34 +0800 2025,å®æ—¶,,"https://tvax3.sinaimg.cn/crop.0.0.1000.1000.50/006C9a8aly8hbqqx2iaq7j30rs0rstaj.jpg?KID=imgbed,tva&Expires=1754401788&ssig=dRS6qIPiTc",_å²©æœˆæ¡ƒæ,/u/6060481658,False
5196337140205336,11,2,0,N/A,åœ¨ä¹Œå…‹å…°ï¼Œä½ ååœ¨å’–å•¡é¦†é‡Œå–ç€å’–å•¡ï¼Œè¯•å›¾è¿‡æ­£å¸¸çš„ç”Ÿæ´»ã€‚ä½†å°±åœ¨ä½ å¯¹é¢ï¼Œæ˜¯ä¸€æ•´é¢è´´æ»¡ç…§ç‰‡çš„å¢™â€”â€”é‚£äº›åœ¨ä¿„ç½—æ–¯ä¾µä¹Œæˆ˜äº‰ä¸­ç‰ºç‰²çš„å£«å…µã€‚æ­£æ˜¯å› ä¸ºä»–ä»¬ï¼Œä½ æ‰æœ‰ä»Šå¤©çš„å®‰å®ä¸ç»§ç»­ç”Ÿæ´»çš„å¯èƒ½ã€‚  #ä¹Œå…‹å…°å±€åŠ¿##ä¹Œå…‹å…°# â€‹,0,Tue Aug 05 17:39:40 +0800 2025,å®æ—¶,,"https://tva2.sinaimg.cn/crop.0.0.720.720.50/005I64Pfjw8eyms32saxcj30k00k0jrz.jpg?KID=imgbed,tva&Expires=1754401788&ssig=oAlkGYfsvT",èµ°è¿›ä¹Œå…‹å…°æ–‡åŒ–,/u/5232271465,True
5196333289833204,1,1,0,N/A,å­©å­è½¬çœ¼è¦ä¸Šåˆä¸€äº†ï¼Œè™½æ˜¯ç§ç«‹å­¦æ ¡è¦æ±‚ä½æ ¡ï¼Œå®¶æ˜æ˜ç¦»å¾—é‚£ä¹ˆè¿‘ï¼Œä»–å€’ä¹Ÿæ²¡è¯´ä»€ä¹ˆï¼Œåªæ˜¯è‹¥èƒ½å›å®¶ï¼Œçœ¼é‡Œæ€»è—ç€å‡ åˆ†ä¹æ„ã€‚å¯æˆ‘è¿™å¿ƒé‡Œå‘€ï¼Œç©ºè½è½çš„ï¼Œåƒè¢«ä»€ä¹ˆä¸œè¥¿è½»è½»æŒ–èµ°äº†ä¸€å—ã€‚æç„¶æƒŠè§‰ï¼Œé‚£äº›ä»–ç»•è†æ’’å¨‡çš„æ—¥å­ï¼Œé‚£äº›æœå¤•ç›¸ä¼´çš„ç«¥å¹´æ—¶å…‰ï¼ŒçœŸçš„ä¸€å»ä¸å¤è¿”äº†ã€‚  å¥½åœ¨è¿™ä¸ªæš‘å‡ï¼Œæœ‰ä¸€åœºæ—©è¢«çˆ·çˆ·å¥¶å¥¶æƒ¦å¿µè®¸ä¹…çš„ â€‹,0,Tue Aug 05 17:24:21 +0800 2025,å®æ—¶,,"https://tva3.sinaimg.cn/crop.1.0.1240.1240.50/a3c802f0jw8ey32lhpcpkj20yi0yggnx.jpg?KID=imgbed,tva&Expires=1754401788&ssig=JcIdNEIVdX",Bçˆ¸çˆ±å°B,/u/2747794160,False
5196351849367047,1,1,0,N/A,#FREDæ–ç™» é å©§ç¥#æ­å–œé å©§ç¥æˆä¸ºæ–ç™»ä¸­å›½åŒºå“ç‰Œå¤§ä½¿ï¼Œé å©§ç¥å¥½æ£’ â€‹,0,Tue Aug 05 18:38:07 +0800 2025,å®æ—¶,,"https://tvax3.sinaimg.cn/crop.0.0.1079.1079.50/008utSNtly8i1zzuda0plj30tz0u0dml.jpg?KID=imgbed,tva&Expires=1754401791&ssig=H%2B8WO2lsOh",çŸ¥æœ‰Juyi_,/u/7779474891,False
5196352745114280,1,2,0,N/A,åŸ2024å¹´3æœˆ28æ—¥ï½ï½äº”åäºŒç§’ã€Šé‡‘ç»ã€‹  ä¸–é—´ä¸€åˆ‡ï¼Œå‘½ä¸­æ³¨å®šï¼Œå‡¡äº‹å› æœï¼Œçš†æœ‰å®šæ•°ã€‚æ— è®ºæ€ä¹ˆäº‰ï¼Œéƒ½äº‰ä¸è¿‡å®¿å‘½ï¼Œä¸ç®¡æ€ä¹ˆæ±‚ï¼Œéƒ½æ±‚ä¸æ¥é•¿ä¹…ï¼Œç¼˜åˆ†èšæ•£ï¼Œæ˜¯æ³¨å®šï¼Œåˆ†åˆ†åˆåˆï¼Œæœ‰å®šæ•°ï¼Œåˆ«é—®ä¸ºä½•ç›¸é‡ï¼Œåˆ«ç®¡ç»“æœå¥½åï¼Œåˆ«æ€¨ç¦»å»åˆ†æ•£ï¼Œåˆ«æ°”æœªèƒ½å¦‚æ„¿ï¼Œåˆ«é—®å¾—åˆ°äº†ä»€ä¹ˆï¼Œåˆ«é—®ä»˜å‡ºäº†ä»€ä¹ˆï¼Œåˆ«é—®åšé”™äº†ä»€ä¹ˆï¼Œæ²¡æœ‰è°èƒ½äº‹ â€‹,0,Tue Aug 05 18:41:41 +0800 2025,å®æ—¶,,"https://tvax1.sinaimg.cn/crop.0.0.432.432.50/005M3jp6ly8ha2ywwyay2j30c00c0gm4.jpg?KID=imgbed,tva&Expires=1754401791&ssig=rt%2Fb0CJquL",ç´«æ–—å¾®å…‰,/u/5290717864,True
5196325790159761,4,1,0,N/A,#æ‘©ç™»å…„å¼Ÿ[è¶…è¯]# åœ°çƒè¶…æ–°é²œéƒ½çœ‹äº†å—ï¼Ÿç‰¹å¥½çœ‹[æ‰“call] â€‹,0,Tue Aug 05 16:54:34 +0800 2025,å®æ—¶,,"https://tvax1.sinaimg.cn/crop.0.0.500.500.50/008sxAUDly8i20u3thu06j30dw0dwt96.jpg?KID=imgbed,tva&Expires=1754401791&ssig=5JcNspzwAW",é¹¿èŒ¸æ‘©é¥­,/u/7750806783,False
5196340528415121,1,0,0,N/A,æœ‰äººå¸¦å­©å­ è€å…¬åˆåŠ ç­ ç®€ç›´æ˜¯ç¥ä»™ç”Ÿæ´»[æœŸå¾…][æœŸå¾…][æœŸå¾…][æœŸå¾…] â€‹,0,Tue Aug 05 17:53:08 +0800 2025,å®æ—¶,,"https://tvax2.sinaimg.cn/crop.0.0.1080.1080.50/7cc82197ly8hcqaf3quw0j20u00u0n08.jpg?KID=imgbed,tva&Expires=1754401791&ssig=10xL6yQjmB",Zå°è’‹æ²¡çƒ¦æ¼,/u/2093490583,False
5196348052736027,2,0,0,N/A,#æŸ¯åŸº# â€‹,0,Tue Aug 05 18:23:02 +0800 2025,å®æ—¶,,"https://tvax4.sinaimg.cn/crop.0.0.512.512.50/006pQBBYly8hwnq7acv7vj30e80e83ym.jpg?KID=imgbed,tva&Expires=1754401791&ssig=WsbU6vJrS0",çš®çš®é²çš„å˜›å˜›,/u/5878743030,False
5196336117056059,1,0,0,N/A,å¤©æ´¥è“Ÿå·â€”ç‹¬ä¹å¯º[å¿ƒ]  â€‹,0,Tue Aug 05 17:35:36 +0800 2025,å®æ—¶,,"https://tvax3.sinaimg.cn/crop.0.0.1080.1080.50/4c36bd1dly8i3gbgegqzjj20u00u042c.jpg?KID=imgbed,tva&Expires=1754401791&ssig=HjGhgGpOXg",ç’ äººä¸ç†f220,/u/1278655773,False
5196350259986851,19,2,42,N/A,å¶é‡å¥½å¤§ä¸€ä¸ªå± â€‹,0,Tue Aug 05 18:31:47 +0800 2025,å®æ—¶,,"https://tvax3.sinaimg.cn/crop.0.0.720.720.50/008rIlRlgy1i3ei25tvzrj30k00k0dgw.jpg?KID=imgbed,tva&Expires=1754401791&ssig=JzhCBjU6ZD",å¯å¯æ²¡æœ‰å¢™å¤´çš„ç±³,/u/7738594191,True
5196327337855720,1,0,0,N/A,#ä¸€ä¸ªäººå¸¦å¨ƒæ—…è¡Œ# â€‹,0,Tue Aug 05 17:00:43 +0800 2025,å®æ—¶,,"https://tvax1.sinaimg.cn/crop.0.0.1079.1079.50/aea181e3ly8i432xppvogj20tz0u0juf.jpg?KID=imgbed,tva&Expires=1754401791&ssig=3%2FFn2%2BD9LZ",éœœåˆcc,/u/2929820131,False
5196354186118409,1,0,0,N/A,å¾ˆç» â€‹,0,Tue Aug 05 18:47:24 +0800 2025,å®æ—¶,,"https://tvax1.sinaimg.cn/crop.0.0.500.500.50/005VHSwply8hy2kyi13z2j30dw0dwdgj.jpg?KID=imgbed,tva&Expires=1754401791&ssig=UQzvITW3Gw",St_Scorpio,/u/5433373001,False
